-- 创建数据库werewolf

CREATE DATABASE werewolf DEFAULT CHARACTER SET utf8mb4 COLLATE utf8mb4_unicode_ci;
ALTER DATABASE werewolf CHARACTER SET = utf8mb4 COLLATE = utf8mb4_unicode_ci;

-- stoken
create table token
(
    tokenID nvarchar(100) primary key comment '根据用户ID和时间生成的token',
    userID nvarchar(100) comment '用户ID',
    createtime datetime comment 'token被创建的时间',
    validity long comment 'token的有效时长'
);

--创建表userInfo,用户列表
create table imgPath
(
    imgPathID nvarchar(100) primary key comment '主键',
    path nvarchar(1000) comment '图片路径',
    foreignID nvarchar(100) comment '关联ID'
);

-- 管理员信息
create table adminInfo(
    adminID nvarchar(100) primary key comment '管理员ID',
    adminName nvarchar(100) comment '管理员用户名',
    tel nvarchar(100) comment '手机号',
	adminPW nvarchar(100) comment '管理员密码'
);


--创建表userInfo,用户列表
create table userInfo
(
    userID nvarchar(100) primary key comment '主键',
    openID nvarchar(100) comment '微信小程序用户ID',
    userName nvarchar(100) comment '用户名，昵称',
    gender smallint comment '性别',
    createTime datetime comment '创建时间',
    latitude float default 32.03 comment '纬度',
    longitude float default 118.46 comment '经度',
    userType int comment '身份, 1 普通用户, 2 商家, 3 法官'
);



--创建表club, 俱乐部表
create table club
(
    clubID nvarchar(100) primary key comment '主键',
    clubName nvarchar(100) comment '俱乐部名称',
    creatorName nvarchar(100) comment '俱乐部创建者',
    userID nvarchar(100) comment '用户ID',
    provinceID nvarchar(100) default '-1' comment '省份ID',
    cityID nvarchar(100) default '-1' comment '城市ID',
    countyID nvarchar(100) default '-1' comment '区县ID',
    area text comment '详细地址',
    longitude float default 118.46 comment '经度',
    latitude float default 32.03 comment '纬度',
    createTime datetime comment '创建时间'
);

alter table  club add constraint club_FK_province foreign key(provinceID) references province(provinceID);
alter table  club add constraint club_FK_city foreign key(cityID) references city(cityID);
alter table  club add constraint club_FK_county foreign key(countyID) references county(countyID);
alter table  club add constraint club_FK_userInfo foreign key(userID) references userInfo(userID);

--province，省份
create table province
(
    provinceID nvarchar(100) primary key comment '主键',
    provinceName nvarchar(100) comment '省份名称'
);

--INSERT INTO `province` VALUES ('1','北京市'),('10','江苏省'),('11','浙江省'),('12','安徽省'),('13','福建省'),('14','江西省'),('15','山东省'),('16','河南省'),('17','湖北省'),('18','湖南省'),('19','广东省'),('2','天津市'),('20','海南省'),('21','广西壮族自治区'),('22','甘肃省'),('23','陕西省'),('24','新疆维吾尔自治区'),('25','青海省'),('26','宁夏回族自治区'),('27','重庆市'),('28','四川省'),('29','贵州省'),('3','河北省'),('30','云南省'),('31','西藏自治区'),('32','台湾省'),('33','澳门特别行政区'),('34','香港特别行政区'),('4','山西省'),('5','内蒙古自治区'),('6','辽宁省'),('7','吉林省'),('8','黑龙江省'),('9','上海市');

--city，城市
create table city
(
    cityID nvarchar(100) primary key comment '主键',
    cityName nvarchar(100) comment '城市名称',
    provinceID nvarchar(100) comment '省份ID'
);
alter table  city add constraint city_FK_province foreign key(provinceID) references province(provinceID);
--INSERT INTO `city` VALUES ('1','北京市','1'),('10','唐山市','3'),('100','六安市','12'),('101','亳州市','12'),('102','池州市','12'),('103','宣城市','12'),('104','福州市','13'),('105','厦门市','13'),('106','宁德市','13'),('107','莆田市','13'),('108','泉州市','13'),('109','漳州市','13'),('11','廊坊市','3'),('110','龙岩市','13'),('111','三明市','13'),('112','南平市','13'),('113','鹰潭市','14'),('114','新余市','14'),('115','南昌市','14'),('116','九江市','14'),('117','上饶市','14'),('118','抚州市','14'),('119','宜春市','14'),('12','沧州市','3'),('120','吉安市','14'),('121','赣州市','14'),('122','景德镇市','14'),('123','萍乡市','14'),('124','菏泽市','15'),('125','济南市','15'),('126','青岛市','15'),('127','淄博市','15'),('128','德州市','15'),('129','烟台市','15'),('13','衡水市','3'),('130','潍坊市','15'),('131','济宁市','15'),('132','泰安市','15'),('133','临沂市','15'),('134','滨州市','15'),('135','东营市','15'),('136','威海市','15'),('137','枣庄市','15'),('138','日照市','15'),('139','莱芜市','15'),('14','邢台市','3'),('140','聊城市','15'),('141','商丘市','16'),('142','郑州市','16'),('143','安阳市','16'),('144','新乡市','16'),('145','许昌市','16'),('146','平顶山市','16'),('147','信阳市','16'),('148','南阳市','16'),('149','开封市','16'),('15','秦皇岛市','3'),('150','洛阳市','16'),('151','济源市','16'),('152','焦作市','16'),('153','鹤壁市','16'),('154','濮阳市','16'),('155','周口市','16'),('156','漯河市','16'),('157','驻马店市','16'),('158','三门峡市','16'),('159','武汉市','17'),('16','朔州市','4'),('160','襄阳市','17'),('161','鄂州市','17'),('162','孝感市','17'),('163','黄冈市','17'),('164','黄石市','17'),('165','咸宁市','17'),('166','荆州市','17'),('167','宜昌市','17'),('168','恩施土家族苗族自治州','17'),('169','神农架林区','17'),('17','忻州市','4'),('170','十堰市','17'),('171','随州市','17'),('172','荆门市','17'),('173','仙桃市','17'),('174','天门市','17'),('175','潜江市','17'),('176','岳阳市','18'),('177','长沙市','18'),('178','湘潭市','18'),('179','株洲市','18'),('18','太原市','4'),('180','衡阳市','18'),('181','郴州市','18'),('182','常德市','18'),('183','益阳市','18'),('184','娄底市','18'),('185','邵阳市','18'),('186','湘西土家族苗族自治州','18'),('187','张家界市','18'),('188','怀化市','18'),('189','永州市','18'),('19','大同市','4'),('190','广州市','19'),('191','汕尾市','19'),('192','阳江市','19'),('193','揭阳市','19'),('194','茂名市','19'),('195','惠州市','19'),('196','江门市','19'),('197','韶关市','19'),('198','梅州市','19'),('199','汕头市','19'),('2','天津市','2'),('20','阳泉市','4'),('200','深圳市','19'),('201','珠海市','19'),('202','佛山市','19'),('203','肇庆市','19'),('204','湛江市','19'),('205','中山市','19'),('206','河源市','19'),('207','清远市','19'),('208','云浮市','19'),('209','潮州市','19'),('21','晋中市','4'),('210','东莞市','19'),('211','兰州市','22'),('212','金昌市','22'),('213','白银市','22'),('214','天水市','22'),('215','嘉峪关市','22'),('216','武威市','22'),('217','张掖市','22'),('218','平凉市','22'),('219','酒泉市','22'),('22','长治市','4'),('220','庆阳市','22'),('221','定西市','22'),('222','陇南市','22'),('223','临夏回族自治州','22'),('224','甘南藏族自治州','22'),('225','成都市','28'),('226','攀枝花市','28'),('227','自贡市','28'),('228','绵阳市','28'),('229','南充市','28'),('23','晋城市','4'),('230','达州市','28'),('231','遂宁市','28'),('232','广安市','28'),('233','巴中市','28'),('234','泸州市','28'),('235','宜宾市','28'),('236','资阳市','28'),('237','内江市','28'),('238','乐山市','28'),('239','眉山市','28'),('24','临汾市','4'),('240','凉山彝族自治州','28'),('241','雅安市','28'),('242','甘孜藏族自治州','28'),('243','阿坝藏族羌族自治州','28'),('244','德阳市','28'),('245','广元市','28'),('246','贵阳市','29'),('247','遵义市','29'),('248','安顺市','29'),('249','黔南布依族苗族自治州','29'),('25','吕梁市','4'),('250','黔东南苗族侗族自治州','29'),('251','铜仁市','29'),('252','毕节市','29'),('253','六盘水市','29'),('254','黔西南布依族苗族自治州','29'),('255','海口市','20'),('256','三亚市','20'),('257','五指山市','20'),('258','琼海市','20'),('259','儋州市','20'),('26','运城市','4'),('260','文昌市','20'),('261','万宁市','20'),('262','东方市','20'),('263','澄迈县','20'),('264','定安县','20'),('265','屯昌县','20'),('266','临高县','20'),('267','白沙黎族自治县','20'),('268','昌江黎族自治县','20'),('269','乐东黎族自治县','20'),('27','沈阳市','6'),('270','陵水黎族自治县','20'),('271','保亭黎族苗族自治县','20'),('272','琼中黎族苗族自治县','20'),('273','西双版纳傣族自治州','30'),('274','德宏傣族景颇族自治州','30'),('275','昭通市','30'),('276','昆明市','30'),('277','大理白族自治州','30'),('278','红河哈尼族彝族自治州','30'),('279','曲靖市','30'),('28','铁岭市','6'),('280','保山市','30'),('281','文山壮族苗族自治州','30'),('282','玉溪市','30'),('283','楚雄彝族自治州','30'),('284','普洱市','30'),('285','临沧市','30'),('286','怒江傈僳族自治州','30'),('287','迪庆藏族自治州','30'),('288','丽江市','30'),('289','海北藏族自治州','25'),('29','大连市','6'),('290','西宁市','25'),('291','海东市','25'),('292','黄南藏族自治州','25'),('293','海南藏族自治州','25'),('294','果洛藏族自治州','25'),('295','玉树藏族自治州','25'),('296','海西蒙古族藏族自治州','25'),('297','西安市','23'),('298','咸阳市','23'),('299','延安市','23'),('3','上海市','9'),('30','鞍山市','6'),('300','榆林市','23'),('301','渭南市','23'),('302','商洛市','23'),('303','安康市','23'),('304','汉中市','23'),('305','宝鸡市','23'),('306','铜川市','23'),('307','防城港市','21'),('308','南宁市','21'),('309','崇左市','21'),('31','抚顺市','6'),('310','来宾市','21'),('311','柳州市','21'),('312','桂林市','21'),('313','梧州市','21'),('314','贺州市','21'),('315','贵港市','21'),('316','玉林市','21'),('317','百色市','21'),('318','钦州市','21'),('319','河池市','21'),('32','本溪市','6'),('320','北海市','21'),('321','拉萨市','31'),('322','日喀则地区','31'),('323','山南地区','31'),('324','林芝地区','31'),('325','昌都地区','31'),('326','那曲地区','31'),('327','阿里地区','31'),('328','银川市','26'),('329','石嘴山市','26'),('33','丹东市','6'),('330','吴忠市','26'),('331','固原市','26'),('332','中卫市','26'),('333','塔城地区','24'),('334','哈密市','24'),('335','和田地区','24'),('336','阿勒泰地区','24'),('337','克孜勒苏柯尔克孜自治州','24'),('338','博尔塔拉蒙古自治州','24'),('339','克拉玛依市','24'),('34','锦州市','6'),('340','乌鲁木齐市','24'),('341','石河子市','24'),('342','昌吉回族自治州','24'),('343','五家渠市','24'),('344','吐鲁番地区','24'),('345','巴音郭楞蒙古自治州','24'),('346','阿克苏地区','24'),('347','阿拉尔市','24'),('348','喀什地区','24'),('349','图木舒克市','24'),('35','营口市','6'),('350','伊犁哈萨克自治州','24'),('351','呼伦贝尔市','5'),('352','呼和浩特市','5'),('353','包头市','5'),('354','乌海市','5'),('355','乌兰察布市','5'),('356','通辽市','5'),('357','赤峰市','5'),('358','鄂尔多斯市','5'),('359','巴彦淖尔市','5'),('36','阜新市','6'),('360','锡林郭勒盟','5'),('361','兴安盟','5'),('362','阿拉善盟','5'),('363','台北市','32'),('364','高雄市','32'),('365','基隆市','32'),('366','台中市','32'),('367','台南市','32'),('368','新竹市','32'),('369','嘉义市','32'),('37','辽阳市','6'),('370','澳门特别行政区','33'),('371','香港特别行政区','34'),('38','朝阳市','6'),('39','盘锦市','6'),('4','重庆市','27'),('40','葫芦岛市','6'),('41','长春市','7'),('42','吉林市','7'),('43','延边朝鲜族自治州','7'),('44','四平市','7'),('45','通化市','7'),('46','白城市','7'),('47','辽源市','7'),('48','松原市','7'),('49','白山市','7'),('5','邯郸市','3'),('50','哈尔滨市','8'),('51','齐齐哈尔市','8'),('52','鸡西市','8'),('53','牡丹江市','8'),('54','七台河市','8'),('55','佳木斯市','8'),('56','鹤岗市','8'),('57','双鸭山市','8'),('58','绥化市','8'),('59','黑河市','8'),('6','石家庄市','3'),('60','大兴安岭地区','8'),('61','伊春市','8'),('62','大庆市','8'),('63','南京市','10'),('64','无锡市','10'),('65','镇江市','10'),('66','苏州市','10'),('67','南通市','10'),('68','扬州市','10'),('69','盐城市','10'),('7','保定市','3'),('70','徐州市','10'),('71','淮安市','10'),('72','连云港市','10'),('73','常州市','10'),('74','泰州市','10'),('75','宿迁市','10'),('76','舟山市','11'),('77','衢州市','11'),('78','杭州市','11'),('79','湖州市','11'),('8','张家口市','3'),('80','嘉兴市','11'),('81','宁波市','11'),('82','绍兴市','11'),('83','温州市','11'),('84','丽水市','11'),('85','金华市','11'),('86','台州市','11'),('87','合肥市','12'),('88','芜湖市','12'),('89','蚌埠市','12'),('9','承德市','3'),('90','淮南市','12'),('91','马鞍山市','12'),('92','淮北市','12'),('93','铜陵市','12'),('94','安庆市','12'),('95','黄山市','12'),('96','滁州市','12'),('97','阜阳市','12'),('98','宿州市','12'),('99','巢湖市','12');

--county，区县
create table county
(
    countyID nvarchar(100) primary key comment '主键',
    countyName nvarchar(100) comment '区县名称',
    cityID nvarchar(100) comment '城市ID',
    zipCode nvarchar(100) comment '邮编'
);
alter table  county add constraint county_FK_city foreign key(cityID) references city(cityID);
--INSERT INTO `county` VALUES ('1','枞阳县','94','246000'),('10','迎江区','94','246000'),('100','墉桥区','98','234100'),('1000','宝丰县','146','467000'),('1001','郏县','146','467000'),('1002','鲁山县','146','467000'),('1003','汝州市','146','467000'),('1004','石龙区','146','467000'),('1005','卫东区','146','467000'),('1006','舞钢市','146','467000'),('1007','新华区','146','467000'),('1008','叶县','146','467000'),('1009','湛河区','146','467000'),('101','其他','98','234100'),('1010','其他','146','467000'),('1011','范县','154','457000'),('1012','华龙区','154','457000'),('1013','南乐县','154','457000'),('1014','濮阳县','154','457000'),('1015','清丰县','154','457000'),('1016','台前县','154','457000'),('1017','其他','154','457000'),('1018','湖滨区','158','472000'),('1019','灵宝市','158','472000'),('102','郊区','93','244000'),('1020','卢氏县','158','472000'),('1021','陕县','158','472000'),('1022','渑池县','158','472000'),('1023','义马市','158','472000'),('1024','其他','158','472000'),('1025','梁园区','141','476000'),('1026','民权县','141','476000'),('1027','宁陵县','141','476000'),('1028','睢县','141','476000'),('1029','睢阳区','141','476000'),('103','狮子山区','93','244000'),('1030','夏邑县','141','476000'),('1031','永城市','141','476000'),('1032','虞城县','141','476000'),('1033','柘城县','141','476000'),('1034','其他','141','476000'),('1035','长垣县','144','453000'),('1036','封丘县','144','453000'),('1037','凤泉区','144','453000'),('1038','红旗区','144','453000'),('1039','辉县市','144','453000'),('104','铜官山区','93','244000'),('1040','获嘉县','144','453000'),('1041','牧野区','144','453000'),('1042','卫滨区','144','453000'),('1043','卫辉市','144','453000'),('1044','新乡县','144','453000'),('1045','延津县','144','453000'),('1046','原阳县','144','453000'),('1047','其他','144','453000'),('1048','固始县','147','464000'),('1049','光山县','147','464000'),('105','铜陵县','93','244000'),('1050','淮滨县','147','464000'),('1051','潢川县','147','464000'),('1052','罗山县','147','464000'),('1053','平桥区','147','464000'),('1054','商城县','147','464000'),('1055','浉河区','147','464000'),('1056','息县','147','464000'),('1057','新县','147','464000'),('1058','其他','147','464000'),('1059','长葛市','145','461000'),('106','其他','93','244000'),('1060','魏都区','145','461000'),('1061','襄城县','145','461000'),('1062','许昌县','145','461000'),('1063','鄢陵县','145','461000'),('1064','禹州市','145','461000'),('1065','其他','145','461000'),('1066','登封市','142','450000'),('1067','二七区','142','450000'),('1068','巩义市','142','450000'),('1069','管城回族区','142','450000'),('107','繁昌县','88','241000'),('1070','惠济区','142','450000'),('1071','金水区','142','450000'),('1072','上街区','142','450000'),('1073','新密市','142','450000'),('1074','新郑市','142','450000'),('1075','荥阳市','142','450000'),('1076','中牟县','142','450000'),('1077','中原区','142','450000'),('1078','其他','142','450000'),('1079','川汇区','155','466000'),('108','镜湖区','88','241000'),('1080','郸城县','155','466000'),('1081','扶沟县','155','466000'),('1082','淮阳县','155','466000'),('1083','鹿邑县','155','466000'),('1084','商水县','155','466000'),('1085','沈丘县','155','466000'),('1086','太康县','155','466000'),('1087','西华县','155','466000'),('1088','项城市','155','466000'),('1089','其他','155','466000'),('109','鸠江区','88','241000'),('1090','泌阳县','157','463000'),('1091','平舆县','157','463000'),('1092','确山县','157','463000'),('1093','汝南县','157','463000'),('1094','上蔡县','157','463000'),('1095','遂平县','157','463000'),('1096','西平县','157','463000'),('1097','新蔡县','157','463000'),('1098','驿城区','157','463000'),('1099','正阳县','157','463000'),('11','岳西县','94','246000'),('110','南陵县','88','241000'),('1100','其他','157','463000'),('1101','大同区','62','163000'),('1102','杜尔伯特蒙古族自治县','62','163000'),('1103','红岗区','62','163000'),('1104','林甸县','62','163000'),('1105','龙凤区','62','163000'),('1106','让胡路区','62','163000'),('1107','萨尔图区','62','163000'),('1108','肇源县','62','163000'),('1109','肇州县','62','163000'),('111','三山区','88','241000'),('1110','其他','62','163000'),('1111','呼玛县','60','165000'),('1112','呼中区','60','165000'),('1113','加格达奇区','60','165000'),('1114','漠河县','60','165000'),('1115','松岭区','60','165000'),('1116','塔河县','60','165000'),('1117','新林区','60','165000'),('1118','其他','60','165000'),('1119','阿城区','50','150000'),('112','芜湖县','88','241000'),('1120','巴彦县','50','150000'),('1121','宾县','50','150000'),('1122','道里区','50','150000'),('1123','道外区','50','150000'),('1124','方正县','50','150000'),('1125','呼兰区','50','150000'),('1126','木兰县','50','150000'),('1127','南岗区','50','150000'),('1128','平房区','50','150000'),('1129','尚志市','50','150000'),('113','弋江区','88','241000'),('1130','双城市','50','150000'),('1131','松北区','50','150000'),('1132','通河县','50','150000'),('1133','五常市','50','150000'),('1134','香坊区','50','150000'),('1135','延寿县','50','150000'),('1136','依兰县','50','150000'),('1137','其他','50','150000'),('1138','东山区','56','154100'),('1139','工农区','56','154100'),('114','其他','88','241000'),('1140','萝北县','56','154100'),('1141','南山区','56','154100'),('1142','绥滨县','56','154100'),('1143','向阳区','56','154100'),('1144','兴安区','56','154100'),('1145','兴山区','56','154100'),('1146','其他','56','154100'),('1147','爱辉区','59','164300'),('1148','北安市','59','164300'),('1149','嫩江县','59','164300'),('115','广德县','103','366000'),('1150','孙吴县','59','164300'),('1151','五大连池市','59','164300'),('1152','逊克县','59','164300'),('1153','其他','59','164300'),('1154','城子河区','52','158100'),('1155','滴道区','52','158100'),('1156','恒山区','52','158100'),('1157','虎林市','52','158100'),('1158','鸡东县','52','158100'),('1159','鸡冠区','52','158100'),('116','绩溪县','103','366000'),('1160','梨树区','52','158100'),('1161','麻山区','52','158100'),('1162','密山市','52','158100'),('1163','其他','52','158100'),('1164','东风区','55','154000'),('1165','抚远县','55','154000'),('1166','富锦市','55','154000'),('1167','桦川县','55','154000'),('1168','桦南县','55','154000'),('1169','郊区','55','154000'),('117','泾县','103','366000'),('1170','前进区','55','154000'),('1171','汤原县','55','154000'),('1172','同江市','55','154000'),('1173','向阳区','55','154000'),('1174','其他','55','154000'),('1175','爱民区','53','157000'),('1176','东安区','53','157000'),('1177','东宁县','53','157000'),('1178','海林市','53','157000'),('1179','林口县','53','157000'),('118','旌德县','103','366000'),('1180','穆棱市','53','157000'),('1181','宁安市','53','157000'),('1182','绥芬河市','53','157000'),('1183','西安区','53','157000'),('1184','阳明区','53','157000'),('1185','其他','53','157000'),('1186','勃利县','54','154600'),('1187','茄子河区','54','154600'),('1188','桃山区','54','154600'),('1189','新兴区','54','154600'),('119','郎溪县','103','366000'),('1190','其他','54','154600'),('1191','昂昂溪区','51','161000'),('1192','拜泉县','51','161000'),('1193','富拉尔基区','51','161000'),('1194','富裕县','51','161000'),('1195','甘南县','51','161000'),('1196','建华区','51','161000'),('1197','克东县','51','161000'),('1198','克山县','51','161000'),('1199','龙江县','51','161000'),('12','其他','94','246000'),('120','宁国市','103','366000'),('1200','龙沙区','51','161000'),('1201','梅里斯达斡尔族区','51','161000'),('1202','讷河市','51','161000'),('1203','碾子山区','51','161000'),('1204','泰来县','51','161000'),('1205','铁锋区','51','161000'),('1206','依安县','51','161000'),('1207','其他','51','161000'),('1208','宝清县','57','155100'),('1209','宝山区','57','155100'),('121','宣州区','103','366000'),('1210','集贤县','57','155100'),('1211','尖山区','57','155100'),('1212','岭东区','57','155100'),('1213','饶河县','57','155100'),('1214','四方台区','57','155100'),('1215','友谊县','57','155100'),('1216','其他','57','155100'),('1217','安达市','58','152000'),('1218','北林区','58','152000'),('1219','海伦市','58','152000'),('122','其他','103','366000'),('1220','兰西县','58','152000'),('1221','明水县','58','152000'),('1222','青冈县','58','152000'),('1223','庆安县','58','152000'),('1224','绥棱县','58','152000'),('1225','望奎县','58','152000'),('1226','肇东市','58','152000'),('1227','其他','58','152000'),('1228','翠峦区','61','152300'),('1229','带岭区','61','152300'),('123','昌平区','1','100000'),('1230','红星区','61','152300'),('1231','嘉荫县','61','152300'),('1232','金山屯区','61','152300'),('1233','美溪区','61','152300'),('1234','南岔区','61','152300'),('1235','上甘岭区','61','152300'),('1236','汤旺河区','61','152300'),('1237','铁力市','61','152300'),('1238','乌马河区','61','152300'),('1239','乌伊岭区','61','152300'),('124','朝阳区','1','100000'),('1240','五营区','61','152300'),('1241','西林区','61','152300'),('1242','新青区','61','152300'),('1243','伊春区','61','152300'),('1244','友好区','61','152300'),('1245','其他','61','152300'),('1246','鄂城区','161','436000'),('1247','华容区','161','436000'),('1248','梁子湖区','161','436000'),('1249','其他','161','436000'),('125','崇文区','1','100000'),('1250','巴东县','168','445000'),('1251','恩施市','168','445000'),('1252','鹤峰县','168','445000'),('1253','建始县','168','445000'),('1254','来凤县','168','445000'),('1255','利川市','168','445000'),('1256','咸丰县','168','445000'),('1257','宣恩县','168','445000'),('1258','其他','168','445000'),('1259','红安县','163','438000'),('126','大兴区','1','100000'),('1260','黄梅县','163','438000'),('1261','黄州区','163','438000'),('1262','罗田县','163','438000'),('1263','麻城市','163','438000'),('1264','蕲春县','163','438000'),('1265','团风县','163','438000'),('1266','武穴市','163','438000'),('1267','浠水县','163','438000'),('1268','英山县','163','438000'),('1269','其他','163','438000'),('127','东城区','1','100000'),('1270','大冶市','164','435000'),('1271','黄石港区','164','435000'),('1272','铁山区','164','435000'),('1273','团城山开发区','164','435000'),('1274','西塞山区','164','435000'),('1275','下陆区','164','435000'),('1276','阳新县','164','435000'),('1277','其他','164','435000'),('1278','东宝区','172','448000'),('1279','掇刀区','172','448000'),('128','房山区','1','100000'),('1280','京山县','172','448000'),('1281','沙洋县','172','448000'),('1282','钟祥市','172','448000'),('1283','其他','172','448000'),('1284','公安县','166','434000'),('1285','洪湖市','166','434000'),('1286','监利县','166','434000'),('1287','江陵县','166','434000'),('1288','荆州区','166','434000'),('1289','沙市区','166','434000'),('129','丰台区','1','100000'),('1290','石首市','166','434000'),('1291','松滋市','166','434000'),('1292','其他','166','434000'),('1293','丹江口市','170','442000'),('1294','房县','170','442000'),('1295','茅箭区','170','442000'),('1296','郧西县','170','442000'),('1297','郧县','170','442000'),('1298','张湾区','170','442000'),('1299','竹山县','170','442000'),('13','蚌山区','89','233000'),('130','海淀区','1','100000'),('1300','竹溪县','170','442000'),('1301','其他','170','442000'),('1302','广水市','171','441300'),('1303','曾都区','171','441300'),('1304','其他','171','441300'),('1305','蔡甸区','159','430000'),('1306','东西湖区','159','430000'),('1307','汉南区','159','430000'),('1308','汉阳区','159','430000'),('1309','洪山区','159','430000'),('131','怀柔区','1','100000'),('1310','黄陂区','159','430000'),('1311','江岸区','159','430000'),('1312','江汉区','159','430000'),('1313','江夏区','159','430000'),('1314','硚口区','159','430000'),('1315','青山区','159','430000'),('1316','武昌区','159','430000'),('1317','新洲区','159','430000'),('1318','其他','159','430000'),('1319','赤壁市','165','437000'),('132','门头沟区','1','100000'),('1320','崇阳县','165','437000'),('1321','嘉鱼县','165','437000'),('1322','通城县','165','437000'),('1323','通山县','165','437000'),('1324','咸安区','165','437000'),('1325','其他','165','437000'),('1326','保康县','160','441000'),('1327','樊城区','160','441000'),('1328','谷城县','160','441000'),('1329','老河口市','160','441000'),('133','密云县','1','100000'),('1330','南漳县','160','441000'),('1331','襄城区','160','441000'),('1332','襄阳区','160','441000'),('1333','宜城市','160','441000'),('1334','枣阳市','160','441000'),('1335','其他','160','441000'),('1336','安陆市','162','432100'),('1337','大悟县','162','432100'),('1338','汉川市','162','432100'),('1339','孝昌县','162','432100'),('134','平谷区','1','100000'),('1340','孝南区','162','432100'),('1341','应城市','162','432100'),('1342','云梦县','162','432100'),('1343','其他','162','432100'),('1344','长阳土家族自治县','167','443000'),('1345','当阳市','167','443000'),('1346','点军区','167','443000'),('1347','五峰土家族自治县','167','443000'),('1348','伍家岗区','167','443000'),('1349','西陵区','167','443000'),('135','石景山区','1','100000'),('1350','猇亭区','167','443000'),('1351','兴山县','167','443000'),('1352','夷陵区','167','443000'),('1353','宜都市','167','443000'),('1354','远安县','167','443000'),('1355','枝江市','167','443000'),('1356','秭归县','167','443000'),('1357','其他','167','443000'),('1358','长沙县','177','410000'),('1359','芙蓉区','177','410000'),('136','顺义区','1','100000'),('1360','开福区','177','410000'),('1361','浏阳市','177','410000'),('1362','宁乡县','177','410000'),('1363','天心区','177','410000'),('1364','望城县','177','410000'),('1365','雨花区','177','410000'),('1366','岳麓区','177','410000'),('1367','其他','177','410000'),('1368','安乡县','182','415000'),('1369','鼎城区','182','415000'),('137','通州区','1','100000'),('1370','汉寿县','182','415000'),('1371','津市市','182','415000'),('1372','澧县','182','415000'),('1373','临澧县','182','415000'),('1374','石门县','182','415000'),('1375','桃源县','182','415000'),('1376','武陵区','182','415000'),('1377','其他','182','415000'),('1378','安仁县','181','423000'),('1379','北湖区','181','423000'),('138','西城区','1','100000'),('1380','桂东县','181','423000'),('1381','桂阳县','181','423000'),('1382','嘉禾县','181','423000'),('1383','临武县','181','423000'),('1384','汝城县','181','423000'),('1385','苏仙区','181','423000'),('1386','宜章县','181','423000'),('1387','永兴县','181','423000'),('1388','资兴市','181','423000'),('1389','其他','181','423000'),('139','宣武区','1','100000'),('1390','常宁市','180','421000'),('1391','衡东县','180','421000'),('1392','衡南县','180','421000'),('1393','衡山县','180','421000'),('1394','衡阳县','180','421000'),('1395','耒阳市','180','421000'),('1396','南岳区','180','421000'),('1397','祁东县','180','421000'),('1398','石鼓区','180','421000'),('1399','雁峰区','180','421000'),('14','固镇县','89','233000'),('140','延庆县','1','100000'),('1400','蒸湘区','180','421000'),('1401','珠晖区','180','421000'),('1402','其他','180','421000'),('1403','辰溪县','188','418000'),('1404','鹤城区','188','418000'),('1405','洪江市','188','418000'),('1406','会同县','188','418000'),('1407','靖州苗族侗族自治县','188','418000'),('1408','麻阳苗族自治县','188','418000'),('1409','通道侗族自治县','188','418000'),('141','其他','1','100000'),('1410','新晃侗族自治县','188','418000'),('1411','溆浦县','188','418000'),('1412','沅陵县','188','418000'),('1413','芷江侗族自治县','188','418000'),('1414','中方县','188','418000'),('1415','其他','188','418000'),('1416','冷水江市','184','417000'),('1417','涟源市','184','417000'),('1418','娄星区','184','417000'),('1419','双峰县','184','417000'),('142','昌平区','1','100000'),('1420','新化县','184','417000'),('1421','其他','184','417000'),('1422','北塔区','185','422000'),('1423','城步苗族自治县','185','422000'),('1424','大祥区','185','422000'),('1425','洞口县','185','422000'),('1426','隆回县','185','422000'),('1427','邵东县','185','422000'),('1428','邵阳县','185','422000'),('1429','双清区','185','422000'),('143','朝阳区','1','100000'),('1430','绥宁县','185','422000'),('1431','武冈市','185','422000'),('1432','新宁县','185','422000'),('1433','新邵县','185','422000'),('1434','其他','185','422000'),('1435','韶山市','178','411100'),('1436','湘潭县','178','411100'),('1437','湘乡市','178','411100'),('1438','雨湖区','178','411100'),('1439','岳塘区','178','411100'),('144','崇文区','1','100000'),('1440','其他','178','411100'),('1441','保靖县','186','416000'),('1442','凤凰县','186','416000'),('1443','古丈县','186','416000'),('1444','花垣县','186','416000'),('1445','吉首市','186','416000'),('1446','龙山县','186','416000'),('1447','泸溪县','186','416000'),('1448','永顺县','186','416000'),('1449','其他','186','416000'),('145','大兴区','1','100000'),('1450','安化县','183','413000'),('1451','赫山区','183','413000'),('1452','南县','183','413000'),('1453','桃江县','183','413000'),('1454','沅江市','183','413000'),('1455','资阳区','183','413000'),('1456','其他','183','413000'),('1457','道县','189','425000'),('1458','东安县','189','425000'),('1459','江华瑶族自治县','189','425000'),('146','东城区','1','100000'),('1460','江永县','189','425000'),('1461','蓝山县','189','425000'),('1462','冷水滩区','189','425000'),('1463','零陵区','189','425000'),('1464','宁远县','189','425000'),('1465','祁阳县','189','425000'),('1466','双牌县','189','425000'),('1467','新田县','189','425000'),('1468','其他','189','425000'),('1469','华容县','176','414000'),('147','房山区','1','100000'),('1470','君山区','176','414000'),('1471','临湘市','176','414000'),('1472','汨罗市','176','414000'),('1473','平江县','176','414000'),('1474','湘阴县','176','414000'),('1475','岳阳楼区','176','414000'),('1476','岳阳县','176','414000'),('1477','云溪区','176','414000'),('1478','其他','176','414000'),('1479','慈利县','187','427000'),('148','丰台区','1','100000'),('1480','桑植县','187','427000'),('1481','武陵源区','187','427000'),('1482','永定区','187','427000'),('1483','其他','187','427000'),('1484','茶陵县','179','412000'),('1485','荷塘区','179','412000'),('1486','醴陵市','179','412000'),('1487','芦淞区','179','412000'),('1488','石峰区','179','412000'),('1489','天元区','179','412000'),('149','海淀区','1','100000'),('1490','炎陵县','179','412000'),('1491','攸县','179','412000'),('1492','株洲县','179','412000'),('1493','其他','179','412000'),('1494','大安市','46','137000'),('1495','洮北区','46','137000'),('1496','洮南市','46','137000'),('1497','通榆县','46','137000'),('1498','镇赉县','46','137000'),('1499','其他','46','137000'),('15','怀远县','89','233000'),('150','怀柔区','1','100000'),('1500','八道江区','49','134300'),('1501','长白朝鲜族自治县','49','134300'),('1502','抚松县','49','134300'),('1503','江源区','49','134300'),('1504','靖宇县','49','134300'),('1505','临江市','49','134300'),('1506','其他','49','134300'),('1507','朝阳区','41','130000'),('1508','德惠市','41','130000'),('1509','二道区','41','130000'),('151','门头沟区','1','100000'),('1510','九台市','41','130000'),('1511','宽城区','41','130000'),('1512','绿园区','41','130000'),('1513','南关区','41','130000'),('1514','农安县','41','130000'),('1515','双阳区','41','130000'),('1516','榆树市','41','130000'),('1517','其他','41','130000'),('1518','昌邑区','42','132000'),('1519','船营区','42','132000'),('152','密云县','1','100000'),('1520','丰满区','42','132000'),('1521','桦甸市','42','132000'),('1522','蛟河市','42','132000'),('1523','龙潭区','42','132000'),('1524','磐石市','42','132000'),('1525','舒兰市','42','132000'),('1526','永吉县','42','132000'),('1527','其他','42','132000'),('1528','东丰县','47','136200'),('1529','东辽县','47','136200'),('153','平谷区','1','100000'),('1530','龙山区','47','136200'),('1531','西安区','47','136200'),('1532','其他','47','136200'),('1533','公主岭市','44','136000'),('1534','梨树县','44','136000'),('1535','双辽市','44','136000'),('1536','铁东区','44','136000'),('1537','铁西区','44','136000'),('1538','伊通满族自治县','44','136000'),('1539','其他','44','136000'),('154','石景山区','1','100000'),('1540','长岭县','48','131100'),('1541','扶余县','48','131100'),('1542','宁江区','48','131100'),('1543','前郭尔罗斯蒙古族自治县','48','131100'),('1544','乾安县','48','131100'),('1545','其他','48','131100'),('1546','东昌区','45','134000'),('1547','二道江区','45','134000'),('1548','辉南县','45','134000'),('1549','集安市','45','134000'),('155','顺义区','1','100000'),('1550','柳河县','45','134000'),('1551','梅河口市','45','134000'),('1552','通化县','45','134000'),('1553','其他','45','134000'),('1554','安图县','43','133000'),('1555','敦化市','43','133000'),('1556','和龙市','43','133000'),('1557','珲春市','43','133000'),('1558','龙井市','43','133000'),('1559','图们市','43','133000'),('156','通州区','1','100000'),('1560','汪清县','43','133000'),('1561','延吉市','43','133000'),('1562','其他','43','133000'),('1563','金坛市','73','213000'),('1564','溧阳市','73','213000'),('1565','戚墅堰区','73','213000'),('1566','天宁区','73','213000'),('1567','武进区','73','213000'),('1568','新北区','73','213000'),('1569','钟楼区','73','213000'),('157','西城区','1','100000'),('1570','其他','73','213000'),('1571','楚州区','71','223200'),('1572','洪泽县','71','223200'),('1573','淮阴区','71','223200'),('1574','金湖县','71','223200'),('1575','涟水县','71','223200'),('1576','清河区','71','223200'),('1577','清浦区','71','223200'),('1578','盱眙县','71','223200'),('1579','其他','71','223200'),('158','宣武区','1','100000'),('1580','东海县','72','222000'),('1581','赣榆县','72','222000'),('1582','灌南县','72','222000'),('1583','灌云县','72','222000'),('1584','海州区','72','222000'),('1585','连云区','72','222000'),('1586','新浦区','72','222000'),('1587','其他','72','222000'),('1588','白下区','63','210000'),('1589','高淳县','63','210000'),('159','延庆县','1','100000'),('1590','鼓楼区','63','210000'),('1591','建邺区','63','210000'),('1592','江宁区','63','210000'),('1593','溧水县','63','210000'),('1594','六合区','63','210000'),('1595','浦口区','63','210000'),('1596','栖霞区','63','210000'),('1597','秦淮区','63','210000'),('1598','下关区','63','210000'),('1599','玄武区','63','210000'),('16','淮上区','89','233000'),('160','其他','1','100000'),('1600','雨花台区','63','210000'),('1601','其他','63','210000'),('1602','崇川区','67','226000'),('1603','港闸区','67','226000'),('1604','海安县','67','226000'),('1605','海门市','67','226000'),('1606','启东市','67','226000'),('1607','如东县','67','226000'),('1608','如皋市','67','226000'),('1609','通州市','67','226000'),('161','仓山区','104','350000'),('1610','其他','67','226000'),('1611','沧浪区','66','215000'),('1612','常熟市','66','215000'),('1613','虎丘区','66','215000'),('1614','金阊区','66','215000'),('1615','昆山市','66','215000'),('1616','平江区','66','215000'),('1617','太仓市','66','215000'),('1618','吴江市','66','215000'),('1619','吴中区','66','215000'),('162','长乐市','104','350000'),('1620','相城区','66','215000'),('1621','张家港市','66','215000'),('1622','其他','66','215000'),('1623','沭阳县','75','223800'),('1624','泗洪县','75','223800'),('1625','泗阳县','75','223800'),('1626','宿城区','75','223800'),('1627','宿豫区','75','223800'),('1628','其他','75','223800'),('1629','高港区','74','225300'),('163','福清市','104','350000'),('1630','海陵区','74','225300'),('1631','姜堰市','74','225300'),('1632','靖江市','74','225300'),('1633','泰兴市','74','225300'),('1634','兴化市','74','225300'),('1635','其他','74','225300'),('1636','北塘区','64','214000'),('1637','滨湖区','64','214000'),('1638','崇安区','64','214000'),('1639','惠山区','64','214000'),('164','鼓楼区','104','350000'),('1640','江阴市','64','214000'),('1641','南长区','64','214000'),('1642','锡山区','64','214000'),('1643','宜兴市','64','214000'),('1644','其他','64','214000'),('1645','丰县','70','221000'),('1646','鼓楼区','70','221000'),('1647','贾汪区','70','221000'),('1648','九里区','70','221000'),('1649','沛县','70','221000'),('165','晋安区','104','350000'),('1650','邳州市','70','221000'),('1651','泉山区','70','221000'),('1652','睢宁县','70','221000'),('1653','铜山县','70','221000'),('1654','新沂市','70','221000'),('1655','云龙区','70','221000'),('1656','其他','70','221000'),('1657','滨海县','69','224000'),('1658','大丰市','69','224000'),('1659','东台市','69','224000'),('166','连江县','104','350000'),('1660','阜宁县','69','224000'),('1661','建湖县','69','224000'),('1662','射阳县','69','224000'),('1663','亭湖区','69','224000'),('1664','响水县','69','224000'),('1665','盐都区','69','224000'),('1666','其他','69','224000'),('1667','宝应县','68','225000'),('1668','高邮市','68','225000'),('1669','广陵区','68','225000'),('167','罗源县','104','350000'),('1670','邗江区','68','225000'),('1671','江都市','68','225000'),('1672','维扬区','68','225000'),('1673','仪征市','68','225000'),('1674','其他','68','225000'),('1675','丹徒区','65','212000'),('1676','丹阳市','65','212000'),('1677','京口区','65','212000'),('1678','句容市','65','212000'),('1679','润州区','65','212000'),('168','马尾区','104','350000'),('1680','扬中市','65','212000'),('1681','其他','65','212000'),('1682','崇仁县','118','332900'),('1683','东乡县','118','332900'),('1684','广昌县','118','332900'),('1685','金溪县','118','332900'),('1686','乐安县','118','332900'),('1687','黎川县','118','332900'),('1688','临川区','118','332900'),('1689','南城县','118','332900'),('169','闽侯县','104','350000'),('1690','南丰县','118','332900'),('1691','宜黄县','118','332900'),('1692','资溪县','118','332900'),('1693','其他','118','332900'),('1694','安远县','121','341000'),('1695','崇义县','121','341000'),('1696','大余县','121','341000'),('1697','定南县','121','341000'),('1698','赣县','121','341000'),('1699','会昌县','121','341000'),('17','龙子湖区','89','233000'),('170','闽清县','104','350000'),('1700','龙南县','121','341000'),('1701','南康市','121','341000'),('1702','宁都县','121','341000'),('1703','全南县','121','341000'),('1704','瑞金市','121','341000'),('1705','上犹县','121','341000'),('1706','石城县','121','341000'),('1707','信丰县','121','341000'),('1708','兴国县','121','341000'),('1709','寻乌县','121','341000'),('171','平潭县','104','350000'),('1710','于都县','121','341000'),('1711','章贡区','121','341000'),('1712','其他','121','341000'),('1713','安福县','120','343000'),('1714','吉安县','120','343000'),('1715','吉水县','120','343000'),('1716','吉州区','120','343000'),('1717','井冈山市','120','343000'),('1718','青原区','120','343000'),('1719','遂川县','120','343000'),('172','台江区','104','350000'),('1720','泰和县','120','343000'),('1721','万安县','120','343000'),('1722','峡江县','120','343000'),('1723','新干县','120','343000'),('1724','永丰县','120','343000'),('1725','永新县','120','343000'),('1726','其他','120','343000'),('1727','昌江区','122','333000'),('1728','浮梁县','122','333000'),('1729','乐平市','122','333000'),('173','永泰县','104','350000'),('1730','珠山区','122','333000'),('1731','其他','122','333000'),('1732','德安县','116','332000'),('1733','都昌县','116','332000'),('1734','共青城','116','332000'),('1735','湖口县','116','332000'),('1736','九江县','116','332000'),('1737','庐山区','116','332000'),('1738','彭泽县','116','332000'),('1739','瑞昌市','116','332000'),('174','其他','104','350000'),('1740','武宁县','116','332000'),('1741','星子县','116','332000'),('1742','修水县','116','332000'),('1743','浔阳区','116','332000'),('1744','永修县','116','332000'),('1745','其他','116','332000'),('1746','安义县','115','330000'),('1747','东湖区','115','330000'),('1748','进贤县','115','330000'),('1749','南昌县','115','330000'),('175','长汀县','110','364000'),('1750','青山湖区','115','330000'),('1751','青云谱区','115','330000'),('1752','湾里区','115','330000'),('1753','西湖区','115','330000'),('1754','新建县','115','330000'),('1755','其他','115','330000'),('1756','安源区','123','337000'),('1757','莲花县','123','337000'),('1758','芦溪县','123','337000'),('1759','上栗县','123','337000'),('176','连城县','110','364000'),('1760','湘东区','123','337000'),('1761','其他','123','337000'),('1762','德兴市','117','334000'),('1763','广丰县','117','334000'),('1764','横峰县','117','334000'),('1765','鄱阳县','117','334000'),('1766','铅山县','117','334000'),('1767','上饶县','117','334000'),('1768','万年县','117','334000'),('1769','婺源县','117','334000'),('177','上杭县','110','364000'),('1770','信州区','117','334000'),('1771','弋阳县','117','334000'),('1772','余干县','117','334000'),('1773','玉山县','117','334000'),('1774','其他','117','334000'),('1775','分宜县','114','338000'),('1776','渝水区','114','338000'),('1777','其他','114','338000'),('1778','丰城市','119','336000'),('1779','奉新县','119','336000'),('178','武平县','110','364000'),('1780','高安市','119','336000'),('1781','靖安县','119','336000'),('1782','上高县','119','336000'),('1783','铜鼓县','119','336000'),('1784','万载县','119','336000'),('1785','宜丰县','119','336000'),('1786','袁州区','119','336000'),('1787','樟树市','119','336000'),('1788','其他','119','336000'),('1789','贵溪市','113','335000'),('179','新罗区','110','364000'),('1790','余江县','113','335000'),('1791','月湖区','113','335000'),('1792','其他','113','335000'),('1793','海城市','30','114000'),('1794','立山区','30','114000'),('1795','千山区','30','114000'),('1796','台安县','30','114000'),('1797','铁东区','30','114000'),('1798','铁西区','30','114000'),('1799','岫岩满族自治县','30','114000'),('18','五河县','89','233000'),('180','永定县','110','364000'),('1800','其他','30','114000'),('1801','本溪满族自治县','32','117000'),('1802','桓仁满族自治县','32','117000'),('1803','明山区','32','117000'),('1804','南芬区','32','117000'),('1805','平山区','32','117000'),('1806','溪湖区','32','117000'),('1807','其他','32','117000'),('1808','北票市','38','122000'),('1809','朝阳县','38','122000'),('181','漳平市','110','364000'),('1810','建平县','38','122000'),('1811','喀喇沁左翼蒙古族自治县','38','122000'),('1812','凌源市','38','122000'),('1813','龙城区','38','122000'),('1814','双塔区','38','122000'),('1815','其他','38','122000'),('1816','长海县','29','116000'),('1817','甘井子区','29','116000'),('1818','金州区','29','116000'),('1819','旅顺口区','29','116000'),('182','其他','110','364000'),('1820','普兰店市','29','116000'),('1821','沙河口区','29','116000'),('1822','瓦房店市','29','116000'),('1823','西岗区','29','116000'),('1824','中山区','29','116000'),('1825','庄河市','29','116000'),('1826','其他','29','116000'),('1827','东港市','33','118000'),('1828','凤城市','33','118000'),('1829','宽甸满族自治县','33','118000'),('183','光泽县','112','353000'),('1830','元宝区','33','118000'),('1831','振安区','33','118000'),('1832','振兴区','33','118000'),('1833','其他','33','118000'),('1834','东洲区','31','113000'),('1835','抚顺县','31','113000'),('1836','清原满族自治县','31','113000'),('1837','顺城区','31','113000'),('1838','望花区','31','113000'),('1839','新宾满族自治县','31','113000'),('184','建瓯市','112','353000'),('1840','新抚区','31','113000'),('1841','其他','31','113000'),('1842','阜新蒙古族自治县','36','123000'),('1843','海州区','36','123000'),('1844','清河门区','36','123000'),('1845','太平区','36','123000'),('1846','细河区','36','123000'),('1847','新邱区','36','123000'),('1848','彰武县','36','123000'),('1849','其他','36','123000'),('185','建阳市','112','353000'),('1850','建昌县','40','125000'),('1851','连山区','40','125000'),('1852','龙港区','40','125000'),('1853','南票区','40','125000'),('1854','绥中县','40','125000'),('1855','兴城市','40','125000'),('1856','其他','40','125000'),('1857','北镇市','34','121000'),('1858','古塔区','34','121000'),('1859','黑山县','34','121000'),('186','浦城县','112','353000'),('1860','凌海市','34','121000'),('1861','凌河区','34','121000'),('1862','太和区','34','121000'),('1863','义县','34','121000'),('1864','其他','34','121000'),('1865','白塔区','37','111000'),('1866','灯塔市','37','111000'),('1867','弓长岭区','37','111000'),('1868','宏伟区','37','111000'),('1869','辽阳县','37','111000'),('187','邵武市','112','353000'),('1870','太子河区','37','111000'),('1871','文圣区','37','111000'),('1872','其他','37','111000'),('1873','大洼县','39','124000'),('1874','盘山县','39','124000'),('1875','双台子区','39','124000'),('1876','兴隆台区','39','124000'),('1877','其他','39','124000'),('1878','大东区','27','110000'),('1879','东陵区','27','110000'),('188','顺昌县','112','353000'),('1880','法库县','27','110000'),('1881','和平区','27','110000'),('1882','皇姑区','27','110000'),('1883','康平县','27','110000'),('1884','辽中县','27','110000'),('1885','沈北新区','27','110000'),('1886','沈河区','27','110000'),('1887','苏家屯区','27','110000'),('1888','铁西区','27','110000'),('1889','新民市','27','110000'),('189','松溪县','112','353000'),('1890','于洪区','27','110000'),('1891','其他','27','110000'),('1892','昌图县','28','112000'),('1893','调兵山市','28','112000'),('1894','开原市','28','112000'),('1895','清河区','28','112000'),('1896','铁岭县','28','112000'),('1897','西丰县','28','112000'),('1898','银州区','28','112000'),('1899','其他','28','112000'),('19','禹会区','89','233000'),('190','武夷山市','112','353000'),('1900','鲅鱼圈区','35','115000'),('1901','大石桥市','35','115000'),('1902','盖州市','35','115000'),('1903','老边区','35','115000'),('1904','西市区','35','115000'),('1905','站前区','35','115000'),('1906','其他','35','115000'),('1907','阿拉善右旗','362','750300'),('1908','阿拉善左旗','362','750300'),('1909','额济纳旗','362','750300'),('191','延平区','112','353000'),('1910','其他','362','750300'),('1911','磴口县','359','014400'),('1912','杭锦后旗','359','014400'),('1913','临河区','359','014400'),('1914','乌拉特后旗','359','014400'),('1915','乌拉特前旗','359','014400'),('1916','乌拉特中旗','359','014400'),('1917','五原县','359','014400'),('1918','其他','359','14400'),('1919','白云鄂博矿区','353','014000'),('192','政和县','112','353000'),('1920','达尔罕茂明安联合旗','353','014000'),('1921','东河区','353','014000'),('1922','固阳县','353','014000'),('1923','九原区','353','014000'),('1924','昆都仑区','353','014000'),('1925','青山区','353','014000'),('1926','石拐区','353','014000'),('1927','土默特右旗','353','014000'),('1928','其他','353','14000'),('1929','阿鲁科尔沁旗','357','024000'),('193','其他','112','353000'),('1930','敖汉旗','357','024000'),('1931','巴林右旗','357','024000'),('1932','巴林左旗','357','024000'),('1933','红山区','357','024000'),('1934','喀喇沁旗','357','024000'),('1935','克什克腾旗','357','024000'),('1936','林西县','357','024000'),('1937','宁城县','357','024000'),('1938','松山区','357','024000'),('1939','翁牛特旗','357','024000'),('194','福安市','106','352100'),('1940','元宝山区','357','024000'),('1941','其他','357','24000'),('1942','达拉特旗','358','010300'),('1943','东胜区','358','010300'),('1944','鄂托克旗','358','010300'),('1945','鄂托克前旗','358','010300'),('1946','杭锦旗','358','010300'),('1947','乌审旗','358','010300'),('1948','伊金霍洛旗','358','010300'),('1949','准格尔旗','358','010300'),('195','福鼎市','106','352100'),('1950','其他','358','10300'),('1951','和林格尔县','352','010000'),('1952','回民区','352','010000'),('1953','清水河县','352','010000'),('1954','赛罕区','352','010000'),('1955','土默特左旗','352','010000'),('1956','托克托县','352','010000'),('1957','武川县','352','010000'),('1958','新城区','352','010000'),('1959','玉泉区','352','010000'),('196','古田县','106','352100'),('1960','其他','352','10000'),('1961','阿荣旗','351','021000'),('1962','陈巴尔虎旗','351','021000'),('1963','额尔古纳市','351','021000'),('1964','鄂伦春自治旗','351','021000'),('1965','鄂温克族自治旗','351','021000'),('1966','根河市','351','021000'),('1967','海拉尔区','351','021000'),('1968','满洲里市','351','021000'),('1969','莫力达瓦达斡尔族自治旗','351','021000'),('197','蕉城区','106','352100'),('1970','新巴尔虎右旗','351','021000'),('1971','新巴尔虎左旗','351','021000'),('1972','牙克石市','351','021000'),('1973','扎兰屯市','351','021000'),('1974','其他','351','21000'),('1975','霍林郭勒市','356','028000'),('1976','开鲁县','356','028000'),('1977','科尔沁区','356','028000'),('1978','科尔沁左翼后旗','356','028000'),('1979','科尔沁左翼中旗','356','028000'),('198','屏南县','106','352100'),('1980','库伦旗','356','028000'),('1981','奈曼旗','356','028000'),('1982','扎鲁特旗','356','028000'),('1983','其他','356','28000'),('1984','海勃湾区','354','016000'),('1985','海南区','354','016000'),('1986','乌达区','354','016000'),('1987','其他','354','16000'),('1988','察哈尔右翼后旗','355','012000'),('1989','察哈尔右翼前旗','355','012000'),('199','寿宁县','106','352100'),('1990','察哈尔右翼中旗','355','012000'),('1991','丰镇市','355','012000'),('1992','化德县','355','012000'),('1993','集宁区','355','012000'),('1994','凉城县','355','012000'),('1995','商都县','355','012000'),('1996','四子王旗','355','012000'),('1997','兴和县','355','012000'),('1998','卓资县','355','012000'),('1999','其他','355','12000'),('2','大观区','94','246000'),('20','其他','89','233000'),('200','霞浦县','106','352100'),('2000','阿巴嘎旗','360','011100'),('2001','东乌珠穆沁旗','360','011100'),('2002','多伦县','360','011100'),('2003','二连浩特市','360','011100'),('2004','苏尼特右旗','360','011100'),('2005','苏尼特左旗','360','011100'),('2006','太仆寺旗','360','011100'),('2007','西乌珠穆沁旗','360','011100'),('2008','锡林浩特市','360','011100'),('2009','镶黄旗','360','011100'),('201','柘荣县','106','352100'),('2010','正蓝旗','360','011100'),('2011','正镶白旗','360','011100'),('2012','其他','360','11100'),('2013','阿尔山市','361','137400'),('2014','科尔沁右翼前旗','361','137400'),('2015','科尔沁右翼中旗','361','137400'),('2016','突泉县','361','137400'),('2017','乌兰浩特市','361','137400'),('2018','扎赉特旗','361','137400'),('2019','其他','361','137400'),('202','周宁县','106','352100'),('2020','泾源县','331','756000'),('2021','隆德县','331','756000'),('2022','彭阳县','331','756000'),('2023','西吉县','331','756000'),('2024','原州区','331','756000'),('2025','其他','331','756000'),('2026','大武口区','329','753000'),('2027','惠农区','329','753000'),('2028','平罗县','329','753000'),('2029','其他','329','753000'),('203','其他','106','352100'),('2030','利通区','330','751100'),('2031','青铜峡市','330','751100'),('2032','同心县','330','751100'),('2033','盐池县','330','751100'),('2034','其他','330','751100'),('2035','贺兰县','328','750000'),('2036','金凤区','328','750000'),('2037','灵武市','328','750000'),('2038','西夏区','328','750000'),('2039','兴庆区','328','750000'),('204','城厢区','107','362000'),('2040','永宁县','328','750000'),('2041','其他','328','750000'),('2042','海原县','332','751700'),('2043','沙坡头区','332','751700'),('2044','中宁县','332','751700'),('2045','其他','332','751700'),('2046','班玛县','294','814000'),('2047','达日县','294','814000'),('2048','甘德县','294','814000'),('2049','久治县','294','814000'),('205','涵江区','107','362000'),('2050','玛多县','294','814000'),('2051','玛沁县','294','814000'),('2052','其他','294','814000'),('2053','刚察县','289','812200'),('2054','海晏县','289','812200'),('2055','门源回族自治县','289','812200'),('2056','祁连县','289','812200'),('2057','其他','289','812200'),('2058','互助土族自治县','291','810600'),('2059','化隆回族自治县','291','810600'),('206','荔城区','107','362000'),('2060','乐都县','291','810600'),('2061','民和回族土族自治县','291','810600'),('2062','平安县','291','810600'),('2063','循化撒拉族自治县','291','810600'),('2064','其他','291','810600'),('2065','共和县','293','813000'),('2066','贵德县','293','813000'),('2067','贵南县','293','813000'),('2068','同德县','293','813000'),('2069','兴海县','293','813000'),('207','仙游县','107','362000'),('2070','其他','293','813000'),('2071','大柴旦','296','817000'),('2072','德令哈市','296','817000'),('2073','都兰县','296','817000'),('2074','格尔木市','296','817000'),('2075','冷湖','296','817000'),('2076','茫崖','296','817000'),('2077','天峻县','296','817000'),('2078','乌兰县','296','817000'),('2079','其他','296','817000'),('208','秀屿区','107','362000'),('2080','河南蒙古族自治县','292','811300'),('2081','尖扎县','292','811300'),('2082','同仁县','292','811300'),('2083','泽库县','292','811300'),('2084','其他','292','811300'),('2085','城北区','290','810000'),('2086','城东区','290','810000'),('2087','城西区','290','810000'),('2088','城中区','290','810000'),('2089','大通回族土族自治县','290','810000'),('209','其他','107','362000'),('2090','湟源县','290','810000'),('2091','湟中县','290','810000'),('2092','其他','290','810000'),('2093','称多县','295','815000'),('2094','囊谦县','295','815000'),('2095','曲麻莱县','295','815000'),('2096','玉树县','295','815000'),('2097','杂多县','295','815000'),('2098','治多县','295','815000'),('2099','其他','295','815000'),('21','利辛县','101','236000'),('210','安溪县','108','362000'),('2100','滨城区','134','256600'),('2101','博兴县','134','256600'),('2102','惠民县','134','256600'),('2103','无棣县','134','256600'),('2104','阳信县','134','256600'),('2105','沾化县','134','256600'),('2106','邹平县','134','256600'),('2107','其他','134','256600'),('2108','德城区','128','253000'),('2109','乐陵市','128','253000'),('211','德化县','108','362000'),('2110','临邑县','128','253000'),('2111','陵县','128','253000'),('2112','宁津县','128','253000'),('2113','平原县','128','253000'),('2114','齐河县','128','253000'),('2115','庆云县','128','253000'),('2116','武城县','128','253000'),('2117','夏津县','128','253000'),('2118','禹城市','128','253000'),('2119','其他','128','253000'),('212','丰泽区','108','362000'),('2120','东营区','135','257000'),('2121','广饶县','135','257000'),('2122','河口区','135','257000'),('2123','垦利县','135','257000'),('2124','利津县','135','257000'),('2125','其他','135','257000'),('2126','曹县','124','274000'),('2127','成武县','124','274000'),('2128','单县','124','274000'),('2129','定陶县','124','274000'),('213','惠安县','108','362000'),('2130','东明县','124','274000'),('2131','巨野县','124','274000'),('2132','鄄城县','124','274000'),('2133','牡丹区','124','274000'),('2134','郓城县','124','274000'),('2135','其他','124','274000'),('2136','长清区','125','250000'),('2137','槐荫区','125','250000'),('2138','济阳县','125','250000'),('2139','历城区','125','250000'),('214','晋江市','108','362000'),('2140','历下区','125','250000'),('2141','平阴县','125','250000'),('2142','商河县','125','250000'),('2143','市中区','125','250000'),('2144','天桥区','125','250000'),('2145','章丘市','125','250000'),('2146','其他','125','250000'),('2147','嘉祥县','131','272100'),('2148','金乡县','131','272100'),('2149','梁山县','131','272100'),('215','鲤城区','108','362000'),('2150','曲阜市','131','272100'),('2151','任城区','131','272100'),('2152','市中区','131','272100'),('2153','泗水县','131','272100'),('2154','微山县','131','272100'),('2155','汶上县','131','272100'),('2156','兖州市','131','272100'),('2157','鱼台县','131','272100'),('2158','邹城市','131','272100'),('2159','其他','131','272100'),('216','洛江区','108','362000'),('2160','钢城区','139','271100'),('2161','莱城区','139','271100'),('2162','其他','139','271100'),('2163','茌平县','140','252000'),('2164','东阿县','140','252000'),('2165','东昌府区','140','252000'),('2166','高唐县','140','252000'),('2167','冠县','140','252000'),('2168','临清市','140','252000'),('2169','莘县','140','252000'),('217','南安市','108','362000'),('2170','阳谷县','140','252000'),('2171','其他','140','252000'),('2172','苍山县','133','276000'),('2173','费县','133','276000'),('2174','河东区','133','276000'),('2175','莒南县','133','276000'),('2176','兰山区','133','276000'),('2177','临沭县','133','276000'),('2178','罗庄区','133','276000'),('2179','蒙阴县','133','276000'),('218','泉港区','108','362000'),('2180','平邑县','133','276000'),('2181','郯城县','133','276000'),('2182','沂南县','133','276000'),('2183','沂水县','133','276000'),('2184','其他','133','276000'),('2185','城阳区','126','266000'),('2186','黄岛区','126','266000'),('2187','即墨市','126','266000'),('2188','胶南市','126','266000'),('2189','胶州市','126','266000'),('219','石狮市','108','362000'),('2190','莱西市','126','266000'),('2191','崂山区','126','266000'),('2192','李沧区','126','266000'),('2193','平度市','126','266000'),('2194','市北区','126','266000'),('2195','市南区','126','266000'),('2196','四方区','126','266000'),('2197','其他','126','266000'),('2198','东港区','138','276800'),('2199','莒县','138','276800'),('22','蒙城县','101','236000'),('220','永春县','108','362000'),('2200','岚山区','138','276800'),('2201','五莲县','138','276800'),('2202','其他','138','276800'),('2203','岱岳区','132','271000'),('2204','东平县','132','271000'),('2205','肥城市','132','271000'),('2206','宁阳县','132','271000'),('2207','泰山区','132','271000'),('2208','新泰市','132','271000'),('2209','其他','132','271000'),('221','其他','108','362000'),('2210','环翠区','136','265700'),('2211','荣成市','136','265700'),('2212','乳山市','136','265700'),('2213','文登市','136','265700'),('2214','其他','136','265700'),('2215','安丘市','130','261000'),('2216','昌乐县','130','261000'),('2217','昌邑市','130','261000'),('2218','坊子区','130','261000'),('2219','高密市','130','261000'),('222','大田县','111','363000'),('2220','寒亭区','130','261000'),('2221','奎文区','130','261000'),('2222','临朐县','130','261000'),('2223','青州市','130','261000'),('2224','寿光市','130','261000'),('2225','潍城区','130','261000'),('2226','诸城市','130','261000'),('2227','其他','130','261000'),('2228','长岛县','129','264000'),('2229','福山区','129','264000'),('223','建宁县','111','363000'),('2230','海阳市','129','264000'),('2231','开发区','129','264000'),('2232','莱山区','129','264000'),('2233','莱阳市','129','264000'),('2234','莱州市','129','264000'),('2235','龙口市','129','264000'),('2236','牟平区','129','264000'),('2237','蓬莱市','129','264000'),('2238','栖霞市','129','264000'),('2239','招远市','129','264000'),('224','将乐县','111','363000'),('2240','芝罘区','129','264000'),('2241','其他','129','264000'),('2242','山亭区','137','277100'),('2243','市中区','137','277100'),('2244','台儿庄区','137','277100'),('2245','滕州市','137','277100'),('2246','薛城区','137','277100'),('2247','峄城区','137','277100'),('2248','其他','137','277100'),('2249','博山区','127','255000'),('225','梅列区','111','363000'),('2250','高青县','127','255000'),('2251','桓台县','127','255000'),('2252','临淄区','127','255000'),('2253','沂源县','127','255000'),('2254','张店区','127','255000'),('2255','周村区','127','255000'),('2256','淄川区','127','255000'),('2257','其他','127','255000'),('2258','长治县','22','046000'),('2259','长子县','22','046000'),('226','明溪县','111','363000'),('2260','城区','22','046000'),('2261','壶关县','22','046000'),('2262','郊区','22','046000'),('2263','黎城县','22','046000'),('2264','潞城市','22','046000'),('2265','平顺县','22','046000'),('2266','沁县','22','046000'),('2267','沁源县','22','046000'),('2268','屯留县','22','046000'),('2269','武乡县','22','046000'),('227','宁化县','111','363000'),('2270','襄垣县','22','046000'),('2271','其他','22','46000'),('2272','城区','19','037000'),('2273','大同县','19','037000'),('2274','广灵县','19','037000'),('2275','浑源县','19','037000'),('2276','矿区','19','037000'),('2277','灵丘县','19','037000'),('2278','南郊区','19','037000'),('2279','天镇县','19','037000'),('228','清流县','111','743000'),('2280','新荣区','19','037000'),('2281','阳高县','19','037000'),('2282','左云县','19','037000'),('2283','其他','19','37000'),('2284','城区','23','048000'),('2285','高平市','23','048000'),('2286','陵川县','23','048000'),('2287','沁水县','23','048000'),('2288','阳城县','23','048000'),('2289','泽州县','23','048000'),('229','三元区','111','743000'),('2290','其他','23','48000'),('2291','和顺县','21','030600'),('2292','介休市','21','030600'),('2293','灵石县','21','030600'),('2294','平遥县','21','030600'),('2295','祁县','21','030600'),('2296','寿阳县','21','030600'),('2297','太谷县','21','030600'),('2298','昔阳县','21','030600'),('2299','榆次区','21','030600'),('23','谯城区','101','236000'),('230','沙县','111','743000'),('2300','榆社县','21','030600'),('2301','左权县','21','030600'),('2302','其他','21','30600'),('2303','安泽县','24','041000'),('2304','大宁县','24','041000'),('2305','汾西县','24','041000'),('2306','浮山县','24','041000'),('2307','古县','24','041000'),('2308','洪洞县','24','041000'),('2309','侯马市','24','041000'),('231','泰宁县','111','743000'),('2310','霍州市','24','041000'),('2311','吉县','24','041000'),('2312','蒲县','24','041000'),('2313','曲沃县','24','041000'),('2314','隰县','24','041000'),('2315','乡宁县','24','041000'),('2316','襄汾县','24','041000'),('2317','尧都区','24','041000'),('2318','翼城县','24','041000'),('2319','永和县','24','041000'),('232','永安市','111','743000'),('2320','其他','24','41000'),('2321','方山县','25','030500'),('2322','汾阳市','25','030500'),('2323','交城县','25','030500'),('2324','交口县','25','030500'),('2325','岚县','25','030500'),('2326','离石区','25','030500'),('2327','临县','25','030500'),('2328','柳林县','25','030500'),('2329','石楼县','25','030500'),('233','尤溪县','111','743000'),('2330','文水县','25','030500'),('2331','孝义市','25','030500'),('2332','兴县','25','030500'),('2333','中阳县','25','030500'),('2334','其他','25','30500'),('2335','怀仁县','16','036000'),('2336','平鲁区','16','036000'),('2337','山阴县','16','036000'),('2338','朔城区','16','036000'),('2339','应县','16','036000'),('234','其他','111','743000'),('2340','右玉县','16','036000'),('2341','其他','16','36000'),('2342','古交市','18','030000'),('2343','尖草坪区','18','030000'),('2344','晋源区','18','030000'),('2345','娄烦县','18','030000'),('2346','清徐县','18','030000'),('2347','万柏林区','18','030000'),('2348','小店区','18','030000'),('2349','杏花岭区','18','030000'),('235','海沧区','105','743000'),('2350','阳曲县','18','030000'),('2351','迎泽区','18','030000'),('2352','其他','18','30000'),('2353','保德县','17','034000'),('2354','代县','17','034000'),('2355','定襄县','17','034000'),('2356','繁峙县','17','034000'),('2357','河曲县','17','034000'),('2358','静乐县','17','034000'),('2359','岢岚县','17','034000'),('236','湖里区','105','361000'),('2360','宁武县','17','034000'),('2361','偏关县','17','034000'),('2362','神池县','17','034000'),('2363','五台县','17','034000'),('2364','五寨县','17','034000'),('2365','忻府区','17','034000'),('2366','原平市','17','034000'),('2367','其他','17','34000'),('2368','城区','20','045000'),('2369','郊区','20','045000'),('237','集美区','105','361000'),('2370','矿区','20','045000'),('2371','平定县','20','045000'),('2372','盂县','20','045000'),('2373','其他','20','45000'),('2374','河津市','26','044000'),('2375','稷山县','26','044000'),('2376','绛县','26','044000'),('2377','临猗县','26','044000'),('2378','平陆县','26','044000'),('2379','芮城县','26','044000'),('238','思明区','105','361000'),('2380','万荣县','26','044000'),('2381','闻喜县','26','044000'),('2382','夏县','26','044000'),('2383','新绛县','26','044000'),('2384','盐湖区','26','044000'),('2385','永济市','26','044000'),('2386','垣曲县','26','044000'),('2387','其他','26','44000'),('2388','白河县','303','725000'),('2389','汉滨区','303','725000'),('239','同安区','105','361000'),('2390','汉阴县','303','725000'),('2391','岚皋县','303','725000'),('2392','宁陕县','303','725000'),('2393','平利县','303','725000'),('2394','石泉县','303','725000'),('2395','旬阳县','303','725000'),('2396','镇坪县','303','725000'),('2397','紫阳县','303','725000'),('2398','其他','303','725000'),('2399','陈仓区','305','721000'),('24','涡阳县','101','236000'),('240','翔安区','105','361000'),('2400','凤县','305','721000'),('2401','凤翔县','305','721000'),('2402','扶风县','305','721000'),('2403','金台区','305','721000'),('2404','麟游县','305','721000'),('2405','陇县','305','721000'),('2406','眉县','305','721000'),('2407','岐山县','305','721000'),('2408','千阳县','305','721000'),('2409','太白县','305','721000'),('241','其他','105','361000'),('2410','渭滨区','305','721000'),('2411','其他','305','721000'),('2412','城固县','304','723000'),('2413','佛坪县','304','723000'),('2414','汉台区','304','723000'),('2415','留坝县','304','723000'),('2416','略阳县','304','723000'),('2417','勉县','304','723000'),('2418','南郑县','304','723000'),('2419','宁强县','304','723000'),('242','长泰县','109','363000'),('2420','西乡县','304','723000'),('2421','洋县','304','723000'),('2422','镇巴县','304','723000'),('2423','其他','304','723000'),('2424','丹凤县','302','726000'),('2425','洛南县','302','726000'),('2426','山阳县','302','726000'),('2427','商南县','302','726000'),('2428','商州区','302','726000'),('2429','镇安县','302','726000'),('243','东山县','109','363000'),('2430','柞水县','302','726000'),('2431','其他','302','726000'),('2432','王益区','306','727000'),('2433','耀州区','306','727000'),('2434','宜君县','306','727000'),('2435','印台区','306','727000'),('2436','其他','306','727000'),('2437','白水县','301','714000'),('2438','澄城县','301','714000'),('2439','大荔县','301','714000'),('244','华安县','109','363000'),('2440','富平县','301','714000'),('2441','韩城市','301','714000'),('2442','合阳县','301','714000'),('2443','华县','301','714000'),('2444','华阴市','301','714000'),('2445','临渭区','301','714000'),('2446','蒲城县','301','714000'),('2447','潼关县','301','714000'),('2448','其他','301','714000'),('2449','灞桥区','297','710000'),('245','龙海市','109','363000'),('2450','碑林区','297','710000'),('2451','长安区','297','710000'),('2452','高陵县','297','710000'),('2453','户县','297','710000'),('2454','蓝田县','297','710000'),('2455','莲湖区','297','710000'),('2456','临潼区','297','710000'),('2457','未央区','297','710000'),('2458','新城区','297','710000'),('2459','阎良区','297','710000'),('246','龙文区','109','363000'),('2460','雁塔区','297','710000'),('2461','周至县','297','710000'),('2462','其他','297','710000'),('2463','彬县','298','712000'),('2464','长武县','298','712000'),('2465','淳化县','298','712000'),('2466','泾阳县','298','712000'),('2467','礼泉县','298','712000'),('2468','乾县','298','712000'),('2469','秦都区','298','712000'),('247','南靖县','109','363000'),('2470','三原县','298','712000'),('2471','渭城区','298','712000'),('2472','武功县','298','712000'),('2473','兴平市','298','712000'),('2474','旬邑县','298','712000'),('2475','杨凌区','298','712000'),('2476','永寿县','298','712000'),('2477','其他','298','712000'),('2478','安塞县','299','716000'),('2479','宝塔区','299','716000'),('248','平和县','109','363000'),('2480','富县','299','716000'),('2481','甘泉县','299','716000'),('2482','黄陵县','299','716000'),('2483','黄龙县','299','716000'),('2484','洛川县','299','716000'),('2485','延长县','299','716000'),('2486','延川县','299','716000'),('2487','宜川县','299','716000'),('2488','志丹县','299','716000'),('2489','子长县','299','716000'),('249','芗城区','109','363000'),('2490','其他','299','716000'),('2491','定边县','300','719000'),('2492','府谷县','300','719000'),('2493','横山县','300','719000'),('2494','佳县','300','719000'),('2495','靖边县','300','719000'),('2496','米脂县','300','719000'),('2497','清涧县','300','719000'),('2498','神木县','300','719000'),('2499','绥德县','300','719000'),('25','其他','101','236000'),('250','云霄县','109','363000'),('2500','吴堡县','300','719000'),('2501','榆阳区','300','719000'),('2502','子洲县','300','719000'),('2503','其他','300','719000'),('2504','宝山区','3','200000'),('2505','长宁区','3','200000'),('2506','崇明县','3','200000'),('2507','奉贤区','3','200000'),('2508','虹口区','3','200000'),('2509','黄浦区','3','200000'),('251','漳浦县','109','363000'),('2510','嘉定区','3','200000'),('2511','金山区','3','200000'),('2512','静安区','3','200000'),('2513','卢湾区','3','200000'),('2514','闵行区','3','200000'),('2515','南汇区','3','200000'),('2516','浦东新区','3','200000'),('2517','普陀区','3','200000'),('2518','青浦区','3','200000'),('2519','松江区','3','200000'),('252','诏安县','109','363000'),('2520','徐汇区','3','200000'),('2521','杨浦区','3','200000'),('2522','闸北区','3','200000'),('2523','其他','3','200000'),('2524','宝山区','3','200000'),('2525','长宁区','3','200000'),('2526','崇明县','3','200000'),('2527','奉贤区','3','200000'),('2528','虹口区','3','200000'),('2529','黄浦区','3','200000'),('253','其他','109','363000'),('2530','嘉定区','3','200000'),('2531','金山区','3','200000'),('2532','静安区','3','200000'),('2533','卢湾区','3','200000'),('2534','闵行区','3','200000'),('2535','南汇区','3','200000'),('2536','浦东新区','3','200000'),('2537','普陀区','3','200000'),('2538','青浦区','3','200000'),('2539','松江区','3','200000'),('254','白银区','213','730900'),('2540','徐汇区','3','200000'),('2541','杨浦区','3','200000'),('2542','闸北区','3','200000'),('2543','其他','3','200000'),('2544','阿坝县','243','624000'),('2545','黑水县','243','624000'),('2546','红原县','243','624000'),('2547','金川县','243','624000'),('2548','九寨沟县','243','624000'),('2549','理县','243','624000'),('255','会宁县','213','730900'),('2550','马尔康县','243','624000'),('2551','茂县','243','624000'),('2552','壤塘县','243','624000'),('2553','若尔盖县','243','624000'),('2554','松潘县','243','624000'),('2555','汶川县','243','624000'),('2556','小金县','243','624000'),('2557','其他','243','624000'),('2558','巴州区','233','636600'),('2559','南江县','233','636600'),('256','景泰县','213','730900'),('2560','平昌县','233','636600'),('2561','通江县','233','636600'),('2562','其他','233','636600'),('2563','成华区','225','610000'),('2564','崇州市','225','610000'),('2565','大邑县','225','610000'),('2566','都江堰市','225','610000'),('2567','金牛区','225','610000'),('2568','金堂县','225','610000'),('2569','锦江区','225','610000'),('257','靖远县','213','730900'),('2570','龙泉驿区','225','610000'),('2571','彭州市','225','610000'),('2572','郫县','225','610000'),('2573','蒲江县','225','610000'),('2574','青白江区','225','610000'),('2575','青羊区','225','610000'),('2576','邛崃市','225','610000'),('2577','双流县','225','610000'),('2578','温江区','225','610000'),('2579','武侯区','225','610000'),('258','平川区','213','730900'),('2580','新都区','225','610000'),('2581','新津县','225','610000'),('2582','其他','225','610000'),('2583','达县','230','635000'),('2584','大竹县','230','635000'),('2585','开江县','230','635000'),('2586','渠县','230','635000'),('2587','通川区','230','635000'),('2588','万源市','230','635000'),('2589','宣汉县','230','635000'),('259','其他','213','730900'),('2590','其他','230','635000'),('2591','广汉市','244','618000'),('2592','旌阳区','244','618000'),('2593','罗江县','244','618000'),('2594','绵竹市','244','618000'),('2595','什邡市','244','618000'),('2596','中江县','244','618000'),('2597','其他','244','618000'),('2598','巴塘县','242','626000'),('2599','白玉县','242','626000'),('26','含山县','99','238000'),('260','安定区','221','743000'),('2600','丹巴县','242','626000'),('2601','道孚县','242','626000'),('2602','稻城县','242','626000'),('2603','得荣县','242','626000'),('2604','德格县','242','626000'),('2605','甘孜县','242','626000'),('2606','九龙县','242','626000'),('2607','康定县','242','626000'),('2608','理塘县','242','626000'),('2609','泸定县','242','626000'),('261','临洮县','221','743000'),('2610','炉霍县','242','626000'),('2611','色达县','242','626000'),('2612','石渠县','242','626000'),('2613','乡城县','242','626000'),('2614','新龙县','242','626000'),('2615','雅江县','242','626000'),('2616','其他','242','626000'),('2617','广安区','232','638500'),('2618','华蓥市','232','638500'),('2619','邻水县','232','638500'),('262','陇西县','221','743000'),('2620','武胜县','232','638500'),('2621','岳池县','232','638500'),('2622','其他','232','638500'),('2623','苍溪县','245','628000'),('2624','朝天区','245','628000'),('2625','剑阁县','245','628000'),('2626','利州区','245','628000'),('2627','青川县','245','628000'),('2628','旺苍县','245','628000'),('2629','元坝区','245','628000'),('263','岷县','221','743000'),('2630','其他','245','628000'),('2631','峨边彝族自治县','238','614000'),('2632','峨眉山市','238','614000'),('2633','夹江县','238','614000'),('2634','犍为县','238','614000'),('2635','金口河区','238','614000'),('2636','井研县','238','614000'),('2637','马边彝族自治县','238','614000'),('2638','沐川县','238','614000'),('2639','沙湾区','238','614000'),('264','通渭县','221','743000'),('2640','市中区','238','614000'),('2641','五通桥区','238','614000'),('2642','其他','238','614000'),('2643','布拖县','240','615000'),('2644','德昌县','240','615000'),('2645','甘洛县','240','615000'),('2646','会东县','240','615000'),('2647','会理县','240','615000'),('2648','金阳县','240','615000'),('2649','雷波县','240','615000'),('265','渭源县','221','743000'),('2650','美姑县','240','615000'),('2651','冕宁县','240','615000'),('2652','木里藏族自治县','240','615000'),('2653','宁南县','240','615000'),('2654','普格县','240','615000'),('2655','西昌市','240','615000'),('2656','喜德县','240','615000'),('2657','盐源县','240','615000'),('2658','越西县','240','615000'),('2659','昭觉县','240','615000'),('266','漳县','221','743000'),('2660','其他','240','615000'),('2661','古蔺县','234','646000'),('2662','合江县','234','646000'),('2663','江阳区','234','646000'),('2664','龙马潭区','234','646000'),('2665','泸县','234','646000'),('2666','纳溪区','234','646000'),('2667','叙永县','234','646000'),('2668','其他','234','646000'),('2669','丹棱县','239','620000'),('267','其他','221','743000'),('2670','东坡区','239','620000'),('2671','洪雅县','239','620000'),('2672','彭山县','239','620000'),('2673','青神县','239','620000'),('2674','仁寿县','239','620000'),('2675','其他','239','620000'),('2676','安县','228','621000'),('2677','北川羌族自治县','228','621000'),('2678','涪城区','228','621000'),('2679','江油市','228','621000'),('268','迭部县','224','747000'),('2680','平武县','228','621000'),('2681','三台县','228','621000'),('2682','盐亭县','228','621000'),('2683','游仙区','228','621000'),('2684','梓潼县','228','621000'),('2685','其他','228','621000'),('2686','东兴区','237','641000'),('2687','隆昌县','237','641000'),('2688','市中区','237','641000'),('2689','威远县','237','641000'),('269','合作市','224','747000'),('2690','资中县','237','641000'),('2691','其他','237','641000'),('2692','高坪区','229','637000'),('2693','嘉陵区','229','637000'),('2694','阆中市','229','637000'),('2695','南部县','229','637000'),('2696','蓬安县','229','637000'),('2697','顺庆区','229','637000'),('2698','西充县','229','637000'),('2699','仪陇县','229','637000'),('27','和县','99','238000'),('270','临潭县','224','747000'),('2700','营山县','229','637000'),('2701','其他','229','637000'),('2702','东区','226','617000'),('2703','米易县','226','617000'),('2704','仁和区','226','617000'),('2705','西区','226','617000'),('2706','盐边县','226','617000'),('2707','其他','226','617000'),('2708','安居区','231','629000'),('2709','船山区','231','629000'),('271','碌曲县','224','747000'),('2710','大英县','231','629000'),('2711','蓬溪县','231','629000'),('2712','射洪县','231','629000'),('2713','其他','231','629000'),('2714','宝兴县','241','625000'),('2715','汉源县','241','625000'),('2716','芦山县','241','625000'),('2717','名山县','241','625000'),('2718','石棉县','241','625000'),('2719','天全县','241','625000'),('272','玛曲县','224','747000'),('2720','荥经县','241','625000'),('2721','雨城区','241','625000'),('2722','其他','241','625000'),('2723','长宁县','235','644000'),('2724','翠屏区','235','644000'),('2725','高县','235','644000'),('2726','珙县','235','644000'),('2727','江安县','235','644000'),('2728','筠连县','235','644000'),('2729','南溪县','235','644000'),('273','夏河县','224','747000'),('2730','屏山县','235','644000'),('2731','兴文县','235','644000'),('2732','宜宾县','235','644000'),('2733','其他','235','644000'),('2734','安岳县','236','641300'),('2735','简阳市','236','641300'),('2736','乐至县','236','641300'),('2737','雁江区','236','641300'),('2738','其他','236','641300'),('2739','大安区','227','643000'),('274','舟曲县','224','747000'),('2740','富顺县','227','643000'),('2741','贡井区','227','643000'),('2742','荣县','227','643000'),('2743','沿滩区','227','643000'),('2744','自流井区','227','643000'),('2745','其他','227','643000'),('2746','宝坻区','2','100000'),('2747','北辰区','2','100000'),('2748','大港区','2','100000'),('2749','东丽区','2','100000'),('275','卓尼县','224','747000'),('2750','汉沽区','2','100000'),('2751','和平区','2','100000'),('2752','河北区','2','100000'),('2753','河东区','2','100000'),('2754','河西区','2','100000'),('2755','红桥区','2','100000'),('2756','蓟县','2','100000'),('2757','津南区','2','100000'),('2758','静海县','2','100000'),('2759','南开区','2','100000'),('276','其他','224','747000'),('2760','宁河县','2','100000'),('2761','塘沽区','2','100000'),('2762','武清区','2','100000'),('2763','西青区','2','100000'),('2764','其他','2','100000'),('2765','宝坻区','2','100000'),('2766','北辰区','2','100000'),('2767','大港区','2','100000'),('2768','东丽区','2','100000'),('2769','汉沽区','2','100000'),('277','金川区','212','737100'),('2770','和平区','2','100000'),('2771','河北区','2','100000'),('2772','河东区','2','100000'),('2773','河西区','2','100000'),('2774','红桥区','2','100000'),('2775','蓟县','2','100000'),('2776','津南区','2','100000'),('2777','静海县','2','100000'),('2778','南开区','2','100000'),('2779','宁河县','2','100000'),('278','永昌县','212','737100'),('2780','塘沽区','2','100000'),('2781','武清区','2','100000'),('2782','西青区','2','100000'),('2783','其他','2','100000'),('2784','措勤县','327','859000'),('2785','噶尔县','327','859000'),('2786','改则县','327','859000'),('2787','革吉县','327','859000'),('2788','普兰县','327','859000'),('2789','日土县','327','859000'),('279','其他','212','737100'),('2790','札达县','327','859000'),('2791','其他','327','859000'),('2792','八宿县','325','854000'),('2793','边坝县','325','854000'),('2794','察雅县','325','854000'),('2795','昌都县','325','854000'),('2796','丁青县','325','854000'),('2797','贡觉县','325','854000'),('2798','江达县','325','854000'),('2799','类乌齐县','325','854000'),('28','居巢区','99','238000'),('280','阿克塞哈萨克族自治县','219','735000'),('2800','洛隆县','325','854000'),('2801','芒康县','325','854000'),('2802','左贡县','325','854000'),('2803','其他','325','854000'),('2804','达孜县','321','850000'),('2805','当雄县','321','850000'),('2806','堆龙德庆县','321','850000'),('2807','林周县','321','850000'),('2808','墨竹工卡县','321','850000'),('2809','尼木县','321','850000'),('281','敦煌市','219','735000'),('2810','曲水县','321','850000'),('2811','其他','321','850000'),('2812','波密县','324','860100'),('2813','察隅县','324','860100'),('2814','工布江达县','324','860100'),('2815','朗县','324','860100'),('2816','林芝县','324','860100'),('2817','米林县','324','860100'),('2818','墨脱县','324','860100'),('2819','其他','324','860100'),('282','瓜州县','219','735000'),('2820','安多县','326','852000'),('2821','巴青县','326','852000'),('2822','班戈县','326','852000'),('2823','比如县','326','852000'),('2824','嘉黎县','326','852000'),('2825','那曲县','326','852000'),('2826','尼玛县','326','852000'),('2827','聂荣县','326','852000'),('2828','申扎县','326','852000'),('2829','索县','326','852000'),('283','金塔县','219','735000'),('2830','其他','326','852000'),('2831','昂仁县','322','857000'),('2832','白朗县','322','857000'),('2833','定结县','322','857000'),('2834','定日县','322','857000'),('2835','岗巴县','322','857000'),('2836','吉隆县','322','857000'),('2837','江孜县','322','857000'),('2838','康马县','322','857000'),('2839','拉孜县','322','857000'),('284','肃北蒙古族自治县','219','735000'),('2840','南木林县','322','857000'),('2841','聂拉木县','322','857000'),('2842','仁布县','322','857000'),('2843','日喀则市','322','857000'),('2844','萨嘎县','322','857000'),('2845','萨迦县','322','857000'),('2846','谢通门县','322','857000'),('2847','亚东县','322','857000'),('2848','仲巴县','322','857000'),('2849','其他','322','857000'),('285','肃州区','219','735000'),('2850','措美县','323','856000'),('2851','错那县','323','856000'),('2852','贡嘎县','323','856000'),('2853','加查县','323','856000'),('2854','浪卡子县','323','856000'),('2855','隆子县','323','856000'),('2856','洛扎县','323','856000'),('2857','乃东县','323','856000'),('2858','琼结县','323','856000'),('2859','曲松县','323','856000'),('286','玉门市','219','735000'),('2860','桑日县','323','856000'),('2861','扎囊县','323','856000'),('2862','其他','323','856000'),('2863','阿克苏市','346','843000'),('2864','阿瓦提县','346','843000'),('2865','拜城县','346','843000'),('2866','柯坪县','346','843000'),('2867','库车县','346','843000'),('2868','沙雅县','346','843000'),('2869','温宿县','346','843000'),('287','其他','219','735000'),('2870','乌什县','346','843000'),('2871','新和县','346','843000'),('2872','其他','346','843000'),('2873','阿勒泰市','336','836500'),('2874','北屯镇','336','836500'),('2875','布尔津县','336','836500'),('2876','福海县','336','836500'),('2877','富蕴县','336','836500'),('2878','哈巴河县','336','836500'),('2879','吉木乃县','336','836500'),('288','安宁区','211','730000'),('2880','青河县','336','836500'),('2881','其他','336','836500'),('2882','博湖县','345','841000'),('2883','和静县','345','841000'),('2884','和硕县','345','841000'),('2885','库尔勒市','345','841000'),('2886','轮台县','345','841000'),('2887','且末县','345','841000'),('2888','若羌县','345','841000'),('2889','尉犁县','345','841000'),('289','城关区','211','730000'),('2890','焉耆回族自治县','345','841000'),('2891','其他','345','841000'),('2892','博乐市','338','833400'),('2893','精河县','338','833400'),('2894','温泉县','338','833400'),('2895','其他','338','833400'),('2896','昌吉市','342','831100'),('2897','阜康市','342','831100'),('2898','呼图壁县','342','831100'),('2899','吉木萨尔县','342','831100'),('29','庐江县','99','238000'),('290','皋兰县','211','730000'),('2900','玛纳斯县','342','831100'),('2901','木垒哈萨克自治县','342','831100'),('2902','奇台县','342','831100'),('2903','五家渠市','342','831100'),('2904','其他','342','831100'),('2905','巴里坤哈萨克自治县','334','839000'),('2906','哈密市','334','839000'),('2907','伊吾县','334','839000'),('2908','其他','334','839000'),('2909','策勒县','335','848000'),('291','红古区','211','730000'),('2910','和田市','335','848000'),('2911','和田县','335','848000'),('2912','洛浦县','335','848000'),('2913','民丰县','335','848000'),('2914','墨玉县','335','848000'),('2915','皮山县','335','848000'),('2916','于田县','335','848000'),('2917','其他','335','848000'),('2918','巴楚县','348','844000'),('2919','伽师县','348','844000'),('292','七里河区','211','730000'),('2920','喀什市','348','844000'),('2921','麦盖提县','348','844000'),('2922','莎车县','348','844000'),('2923','疏附县','348','844000'),('2924','疏勒县','348','844000'),('2925','塔什库尔干塔吉克自治县','348','844000'),('2926','叶城县','348','844000'),('2927','英吉沙县','348','844000'),('2928','岳普湖县','348','844000'),('2929','泽普县','348','844000'),('293','西固区','211','730000'),('2930','其他','348','844000'),('2931','白碱滩区','339','834000'),('2932','独山子区','339','834000'),('2933','克拉玛依区','339','834000'),('2934','乌尔禾区','339','834000'),('2935','其他','339','834000'),('2936','阿合奇县','337','845350'),('2937','阿克陶县','337','845350'),('2938','阿图什市','337','845350'),('2939','乌恰县','337','845350'),('294','永登县','211','730000'),('2940','其他','337','845350'),('2941','额敏县','333','834700'),('2942','和布克赛尔蒙古自治县','333','834700'),('2943','沙湾县','333','834700'),('2944','塔城市','333','834700'),('2945','托里县','333','834700'),('2946','乌苏市','333','834700'),('2947','裕民县','333','834700'),('2948','其他','333','834700'),('2949','鄯善县','344','838000'),('295','榆中县','211','730000'),('2950','吐鲁番市','344','838000'),('2951','托克逊县','344','838000'),('2952','其他','344','838000'),('2953','达坂城区','340','830000'),('2954','米东区','340','830000'),('2955','沙依巴克区','340','830000'),('2956','水磨沟区','340','830000'),('2957','天山区','340','830000'),('2958','头屯河区','340','830000'),('2959','乌鲁木齐县','340','830000'),('296','其他','211','730000'),('2960','新市区','340','830000'),('2961','其他','340','830000'),('2962','察布查尔锡伯自治县','350','833200'),('2963','巩留县','350','833200'),('2964','霍城县','350','833200'),('2965','奎屯市','350','833200'),('2966','尼勒克县','350','833200'),('2967','特克斯县','350','833200'),('2968','新源县','350','833200'),('2969','伊宁市','350','833200'),('297','东乡族自治县','223','731100'),('2970','伊宁县','350','833200'),('2971','昭苏县','350','833200'),('2972','其他','350','833200'),('2973','昌宁县','280','678000'),('2974','龙陵县','280','678000'),('2975','隆阳区','280','678000'),('2976','施甸县','280','678000'),('2977','腾冲县','280','678000'),('2978','其他','280','678000'),('2979','楚雄市','283','675000'),('298','广河县','223','731100'),('2980','大姚县','283','675000'),('2981','禄丰县','283','675000'),('2982','牟定县','283','675000'),('2983','南华县','283','675000'),('2984','双柏县','283','675000'),('2985','武定县','283','675000'),('2986','姚安县','283','675000'),('2987','永仁县','283','675000'),('2988','元谋县','283','675000'),('2989','其他','283','675000'),('299','和政县','223','731100'),('2990','宾川县','277','671000'),('2991','大理市','277','671000'),('2992','洱源县','277','671000'),('2993','鹤庆县','277','671000'),('2994','剑川县','277','671000'),('2995','弥渡县','277','671000'),('2996','南涧彝族自治县','277','671000'),('2997','巍山彝族回族自治县','277','671000'),('2998','祥云县','277','671000'),('2999','漾濞彝族自治县','277','671000'),('3','怀宁县','94','246000'),('30','无为县','99','238000'),('300','积石山保安族东乡族撒拉族自治县','223','731100'),('3000','永平县','277','671000'),('3001','云龙县','277','671000'),('3002','其他','277','671000'),('3003','梁河县','274','678400'),('3004','陇川县','274','678400'),('3005','潞西市','274','678400'),('3006','瑞丽市','274','678400'),('3007','盈江县','274','678400'),('3008','其他','274','678400'),('3009','德钦县','287','674400'),('301','康乐县','223','731100'),('3010','维西傈僳族自治县','287','674400'),('3011','香格里拉县','287','674400'),('3012','其他','287','674400'),('3013','个旧市','278','661400'),('3014','河口瑶族自治县','278','661400'),('3015','红河县','278','661400'),('3016','建水县','278','661400'),('3017','金平苗族瑶族傣族自治县','278','661400'),('3018','开远市','278','661400'),('3019','泸西县','278','661400'),('302','临夏市','223','731100'),('3020','绿春县','278','661400'),('3021','蒙自县','278','661400'),('3022','弥勒县','278','661400'),('3023','屏边苗族自治县','278','661400'),('3024','石屏县','278','661400'),('3025','元阳县','278','661400'),('3026','其他','278','661400'),('3027','安宁市','276','650000'),('3028','呈贡县','276','650000'),('3029','东川区','276','650000'),('303','临夏县','223','731100'),('3030','富民县','276','650000'),('3031','官渡区','276','650000'),('3032','晋宁县','276','650000'),('3033','禄劝彝族苗族自治县','276','650000'),('3034','盘龙区','276','650000'),('3035','石林彝族自治县','276','650000'),('3036','嵩明县','276','650000'),('3037','五华区','276','650000'),('3038','西山区','276','650000'),('3039','寻甸回族彝族自治县','276','650000'),('304','永靖县','223','731100'),('3040','宜良县','276','650000'),('3041','其他','276','650000'),('3042','古城区','288','674100'),('3043','华坪县','288','674100'),('3044','宁蒗彝族自治县','288','674100'),('3045','永胜县','288','674100'),('3046','玉龙纳西族自治县','288','674100'),('3047','其他','288','674100'),('3048','沧源佤族自治县','285','677000'),('3049','凤庆县','285','677000'),('305','其他','223','731100'),('3050','耿马傣族佤族自治县','285','677000'),('3051','临翔区','285','677000'),('3052','双江拉祜族佤族布朗族傣族自治县','285','677000'),('3053','永德县','285','677000'),('3054','云县','285','677000'),('3055','镇康县','285','677000'),('3056','其他','285','677000'),('3057','福贡县','286','673100'),('3058','贡山独龙族怒族自治县','286','673100'),('3059','兰坪白族普米族自治县','286','673100'),('306','成县','222','742100'),('3060','泸水县','286','673100'),('3061','其他','286','673100'),('3062','江城哈尼族彝族自治县','284','665000'),('3063','景东彝族自治县','284','665000'),('3064','景谷傣族彝族自治县','284','665000'),('3065','澜沧拉祜族自治县','284','665000'),('3066','孟连傣族拉祜族佤族自治县','284','665000'),('3067','墨江哈尼族自治县','284','665000'),('3068','宁洱哈尼族彝族自治县','284','665000'),('3069','思茅区','284','665000'),('307','宕昌县','222','742100'),('3070','西盟佤族自治县','284','665000'),('3071','镇沅彝族哈尼族拉祜族自治县','284','665000'),('3072','其他','284','665000'),('3073','富源县','279','655000'),('3074','会泽县','279','655000'),('3075','陆良县','279','655000'),('3076','罗平县','279','655000'),('3077','马龙县','279','655000'),('3078','麒麟区','279','655000'),('3079','师宗县','279','655000'),('308','徽县','222','742100'),('3080','宣威市','279','655000'),('3081','沾益县','279','655000'),('3082','其他','279','655000'),('3083','富宁县','281','663000'),('3084','广南县','281','663000'),('3085','麻栗坡县','281','663000'),('3086','马关县','281','663000'),('3087','丘北县','281','663000'),('3088','文山县','281','663000'),('3089','西畴县','281','663000'),('309','康县','222','742100'),('3090','砚山县','281','663000'),('3091','其他','281','663000'),('3092','景洪市','273','666100'),('3093','勐海县','273','666100'),('3094','勐腊县','273','666100'),('3095','其他','273','666100'),('3096','澄江县','282','653100'),('3097','峨山彝族自治县','282','653100'),('3098','红塔区','282','653100'),('3099','华宁县','282','653100'),('31','其他','99','238000'),('310','礼县','222','742100'),('3100','江川县','282','653100'),('3101','通海县','282','653100'),('3102','新平彝族傣族自治县','282','653100'),('3103','易门县','282','653100'),('3104','元江哈尼族彝族傣族自治县','282','653100'),('3105','其他','282','653100'),('3106','大关县','275','657000'),('3107','鲁甸县','275','657000'),('3108','巧家县','275','657000'),('3109','水富县','275','657000'),('311','两当县','222','742100'),('3110','绥江县','275','657000'),('3111','威信县','275','657000'),('3112','盐津县','275','657000'),('3113','彝良县','275','657000'),('3114','永善县','275','657000'),('3115','昭阳区','275','657000'),('3116','镇雄县','275','657000'),('3117','其他','275','657000'),('3118','滨江区','78','310000'),('3119','淳安县','78','310000'),('312','文县','222','742100'),('3120','富阳市','78','310000'),('3121','拱墅区','78','310000'),('3122','建德市','78','310000'),('3123','江干区','78','310000'),('3124','临安市','78','310000'),('3125','上城区','78','310000'),('3126','桐庐县','78','310000'),('3127','西湖区','78','310000'),('3128','下城区','78','310000'),('3129','萧山区','78','310000'),('313','武都区','222','742100'),('3130','余杭区','78','310000'),('3131','其他','78','310000'),('3132','安吉县','79','313000'),('3133','长兴县','79','313000'),('3134','德清县','79','313000'),('3135','南浔区','79','313000'),('3136','吴兴区','79','313000'),('3137','其他','79','313000'),('3138','海宁市','80','314000'),('3139','海盐县','80','314000'),('314','西和县','222','742100'),('3140','嘉善县','80','314000'),('3141','南湖区','80','314000'),('3142','平湖市','80','314000'),('3143','桐乡市','80','314000'),('3144','秀洲区','80','314000'),('3145','其他','80','314000'),('3146','东阳市','85','321000'),('3147','金东区','85','321000'),('3148','兰溪市','85','321000'),('3149','磐安县','85','321000'),('315','其他','222','742100'),('3150','浦江县','85','321000'),('3151','武义县','85','321000'),('3152','婺城区','85','321000'),('3153','义乌市','85','321000'),('3154','永康市','85','321000'),('3155','其他','85','321000'),('3156','缙云县','84','323000'),('3157','景宁畲族自治县','84','323000'),('3158','莲都区','84','323000'),('3159','龙泉市','84','323000'),('316','崇信县','218','744000'),('3160','青田县','84','323000'),('3161','庆元县','84','323000'),('3162','松阳县','84','323000'),('3163','遂昌县','84','323000'),('3164','云和县','84','323000'),('3165','其他','84','323000'),('3166','北仑区','81','315000'),('3167','慈溪市','81','315000'),('3168','奉化市','81','315000'),('3169','海曙区','81','315000'),('317','华亭县','218','744000'),('3170','江北区','81','315000'),('3171','江东区','81','315000'),('3172','宁海县','81','315000'),('3173','象山县','81','315000'),('3174','鄞州区','81','315000'),('3175','余姚市','81','315000'),('3176','镇海区','81','315000'),('3177','其他','81','315000'),('3178','常山县','77','324000'),('3179','江山市','77','324000'),('318','泾川县','218','744000'),('3180','开化县','77','324000'),('3181','柯城区','77','324000'),('3182','龙游县','77','324000'),('3183','衢江区','77','324000'),('3184','其他','77','324000'),('3185','上虞市','82','312000'),('3186','绍兴县','82','312000'),('3187','嵊州市','82','312000'),('3188','新昌县','82','312000'),('3189','越城区','82','312000'),('319','静宁县','218','744000'),('3190','诸暨市','82','312000'),('3191','其他','82','312000'),('3192','黄岩区','86','318000'),('3193','椒江区','86','318000'),('3194','临海市','86','318000'),('3195','路桥区','86','318000'),('3196','三门县','86','318000'),('3197','天台县','86','318000'),('3198','温岭市','86','318000'),('3199','仙居县','86','318000'),('32','东至县','102','247100'),('320','崆峒区','218','744000'),('3200','玉环县','86','318000'),('3201','其他','86','318000'),('3202','苍南县','83','325000'),('3203','洞头县','83','325000'),('3204','乐清市','83','325000'),('3205','龙湾区','83','325000'),('3206','鹿城区','83','325000'),('3207','瓯海区','83','325000'),('3208','平阳县','83','325000'),('3209','瑞安市','83','325000'),('321','灵台县','218','744000'),('3210','泰顺县','83','325000'),('3211','文成县','83','325000'),('3212','永嘉县','83','325000'),('3213','其他','83','325000'),('3214','岱山县','76','316000'),('3215','定海区','76','316000'),('3216','普陀区','76','316000'),('3217','嵊泗县','76','316000'),('3218','其他','76','316000'),('3219','巴南区','4','404100'),('322','庄浪县','218','744000'),('3220','北碚区','4','404100'),('3221','璧山县','4','404100'),('3222','长寿区','4','404100'),('3223','城口县','4','404100'),('3224','大渡口区','4','404100'),('3225','大足县','4','404100'),('3226','垫江县','4','404100'),('3227','丰都县','4','404100'),('3228','奉节县','4','404100'),('3229','涪陵区','4','404100'),('323','其他','218','744000'),('3230','合川区','4','404100'),('3231','江北区','4','404100'),('3232','江津区','4','404100'),('3233','九龙坡区','4','404100'),('3234','开县','4','404100'),('3235','梁平县','4','404100'),('3236','南岸区','4','404100'),('3237','南川区','4','404100'),('3238','彭水苗族土家族自治县','4','404100'),('3239','綦江县','4','404100'),('324','合水县','220','744500'),('3240','黔江区','4','404100'),('3241','荣昌县','4','404100'),('3242','沙坪坝区','4','404100'),('3243','石柱土家族自治县','4','404100'),('3244','双桥区','4','404100'),('3245','铜梁县','4','404100'),('3246','潼南县','4','404100'),('3247','万盛区','4','404100'),('3248','万州区','4','404100'),('3249','巫山县','4','404100'),('325','华池县','220','744500'),('3250','巫溪县','4','404100'),('3251','武隆县','4','404100'),('3252','秀山土家族苗族自治县','4','404100'),('3253','永川区','4','404100'),('3254','酉阳土家族苗族自治县','4','404100'),('3255','渝北区','4','404100'),('3256','渝中区','4','404100'),('3257','云阳县','4','404100'),('3258','忠县','4','404100'),('3259','其他','4','404100'),('326','环县','220','744500'),('3260','巴南区','4','404100'),('3261','北碚区','4','404100'),('3262','璧山县','4','404100'),('3263','长寿区','4','404100'),('3264','城口县','4','404100'),('3265','大渡口区','4','404100'),('3266','大足县','4','404100'),('3267','垫江县','4','404100'),('3268','丰都县','4','404100'),('3269','奉节县','4','404100'),('327','宁县','220','744500'),('3270','涪陵区','4','404100'),('3271','合川区','4','404100'),('3272','江北区','4','404100'),('3273','江津区','4','404100'),('3274','九龙坡区','4','404100'),('3275','开县','4','404100'),('3276','梁平县','4','404100'),('3277','南岸区','4','404100'),('3278','南川区','4','404100'),('3279','彭水苗族土家族自治县','4','404100'),('328','庆城县','220','744500'),('3280','綦江县','4','404100'),('3281','黔江区','4','404100'),('3282','荣昌县','4','404100'),('3283','沙坪坝区','4','404100'),('3284','石柱土家族自治县','4','404100'),('3285','双桥区','4','404100'),('3286','铜梁县','4','404100'),('3287','潼南县','4','404100'),('3288','万盛区','4','404100'),('3289','万州区','4','404100'),('329','西峰区','220','744500'),('3290','巫山县','4','404100'),('3291','巫溪县','4','404100'),('3292','武隆县','4','404100'),('3293','秀山土家族苗族自治县','4','404100'),('3294','永川区','4','404100'),('3295','酉阳土家族苗族自治县','4','404100'),('3296','渝北区','4','404100'),('3297','渝中区','4','404100'),('3298','云阳县','4','404100'),('3299','忠县','4','404100'),('33','贵池区','102','247100'),('330','镇原县','220','744500'),('3300','其他','4','404100'),('331','正宁县','220','744500'),('332','其他','220','744500'),('333','甘谷县','214','741000'),('334','麦积区','214','741000'),('335','秦安县','214','741000'),('336','秦州区','214','741000'),('337','清水县','214','741000'),('338','武山县','214','741000'),('339','张家川回族自治县','214','741000'),('34','青阳县','102','247100'),('340','其他','214','741000'),('341','古浪县','216','733000'),('342','凉州区','216','733000'),('343','民勤县','216','733000'),('344','天祝藏族自治县','216','733000'),('345','其他','216','733000'),('346','甘州区','217','734000'),('347','高台县','217','734000'),('348','临泽县','217','734000'),('349','民乐县','217','734000'),('35','石台县','102','247100'),('350','山丹县','217','734000'),('351','肃南裕固族自治县','217','734000'),('352','其他','217','734000'),('353','潮安县','209','515600'),('354','枫溪区','209','515600'),('355','饶平县','209','515600'),('356','湘桥区','209','515600'),('357','其他','209','515600'),('358','禅城区','202','517000'),('359','高明区','202','517000'),('36','其他','102','247100'),('360','南海区','202','517000'),('361','三水区','202','517000'),('362','顺德区','202','517000'),('363','其他','202','517000'),('364','白云区','190','510000'),('365','从化市','190','510000'),('366','东山区','190','510000'),('367','番禺区','190','510000'),('368','芳村区','190','510000'),('369','海珠区','190','510000'),('37','定远县','96','239000'),('370','花都区','190','510000'),('371','黄埔区','190','510000'),('372','荔湾区','190','510000'),('373','萝岗区','190','510000'),('374','天河区','190','510000'),('375','越秀区','190','510000'),('376','增城市','190','510000'),('377','其他','190','510000'),('378','东源县','206','517000'),('379','和平县','206','517000'),('38','凤阳县','96','239000'),('380','连平县','206','517000'),('381','龙川县','206','517000'),('382','源城区','206','517000'),('383','紫金县','206','517000'),('384','其他','206','517000'),('385','博罗县','195','516000'),('386','惠城区','195','516000'),('387','惠东县','195','516000'),('388','惠阳区','195','516000'),('389','龙门县','195','516000'),('39','来安县','96','239000'),('390','其他','195','516000'),('391','恩平市','196','529000'),('392','鹤山市','196','529000'),('393','江海区','196','529000'),('394','开平市','196','529000'),('395','蓬江区','196','529000'),('396','台山市','196','529000'),('397','新会区','196','529000'),('398','其他','196','529000'),('399','东山区','193','522000'),('4','潜山县','94','246000'),('40','琅琊区','96','239000'),('400','惠来县','193','522000'),('401','揭东县','193','522000'),('402','揭西县','193','522000'),('403','经济开发试验区','193','522000'),('404','普宁市','193','522000'),('405','榕城区','193','522000'),('406','其他','193','522000'),('407','电白县','194','525000'),('408','高州市','194','525000'),('409','化州市','194','525000'),('41','明光市','96','239000'),('410','茂港区','194','525000'),('411','茂南区','194','525000'),('412','信宜市','194','525000'),('413','其他','194','525000'),('414','大埔县','198','514000'),('415','丰顺县','198','514000'),('416','蕉岭县','198','514000'),('417','梅江区','198','514000'),('418','梅县','198','514000'),('419','平远县','198','514000'),('42','南谯区','96','239000'),('420','五华县','198','514000'),('421','兴宁市','198','514000'),('422','其他','198','514000'),('423','佛冈县','207','511500'),('424','连南瑶族自治县','207','511500'),('425','连山壮族瑶族自治县','207','511500'),('426','连州市','207','511500'),('427','清城区','207','511500'),('428','清新县','207','511500'),('429','阳山县','207','511500'),('43','全椒县','96','239000'),('430','英德市','207','511500'),('431','其他','207','511500'),('432','潮南区','199','515000'),('433','潮阳区','199','515000'),('434','澄海区','199','515000'),('435','濠江区','199','515000'),('436','金平区','199','515000'),('437','龙湖区','199','515000'),('438','南澳县','199','515000'),('439','其他','199','515000'),('44','天长市','96','239000'),('440','城区','191','516600'),('441','海丰县','191','516600'),('442','红海湾经济开发试验区','191','516600'),('443','陆丰市','191','516600'),('444','陆河县','191','516600'),('445','其他','191','516600'),('446','乐昌市','197','512000'),('447','南雄市','197','512000'),('448','曲江区','197','512000'),('449','仁化县','197','512000'),('45','其他','96','239000'),('450','乳源瑶族自治县','197','512000'),('451','始兴县','197','512000'),('452','翁源县','197','512000'),('453','武江区','197','512000'),('454','新丰县','197','512000'),('455','浈江区','197','512000'),('456','其他','197','512000'),('457','宝安区','200','518000'),('458','福田区','200','518000'),('459','龙岗区','200','518000'),('46','阜南县','97','236100'),('460','罗湖区','200','518000'),('461','南山区','200','518000'),('462','盐田区','200','518000'),('463','其他','200','518000'),('464','江城区','192','529500'),('465','阳春市','192','529500'),('466','阳东县','192','529500'),('467','阳西县','192','529500'),('468','其他','192','529500'),('469','罗定市','208','527300'),('47','界首市','97','236100'),('470','新兴县','208','527300'),('471','郁南县','208','527300'),('472','云安县','208','527300'),('473','云城区','208','527300'),('474','其他','208','527300'),('475','赤坎区','204','528400'),('476','东海岛','204','519000'),('477','开发区','204','519000'),('478','雷州市','204','519000'),('479','廉江市','204','533000'),('48','临泉县','97','236100'),('480','麻章区','204','533000'),('481','坡头区','204','533000'),('482','遂溪县','204','533000'),('483','吴川市','204','533000'),('484','霞山区','204','533000'),('485','徐闻县','204','533000'),('486','其他','204','533000'),('487','德庆县','203','533000'),('488','鼎湖区','203','533000'),('489','端州区','203','533000'),('49','太和县','97','236100'),('490','封开县','203','533000'),('491','高要市','203','533000'),('492','广宁县','203','536000'),('493','怀集县','203','536000'),('494','四会市','203','536000'),('495','其他','203','536000'),('496','斗门区','201','519000'),('497','金湾区','201','519000'),('498','香洲区','201','519000'),('499','其他','201','519000'),('5','宿松县','94','246000'),('50','颍东区','97','236100'),('500','德保县','317','533000'),('501','靖西县','317','533000'),('502','乐业县','317','533000'),('503','凌云县','317','533000'),('504','隆林各族自治县','317','533000'),('505','那坡县','317','533000'),('506','平果县','317','533000'),('507','田东县','317','533000'),('508','田林县','317','533000'),('509','田阳县','317','533000'),('51','颍泉区','97','236100'),('510','西林县','317','533000'),('511','右江区','317','533000'),('512','其他','317','533000'),('513','海城区','320','536000'),('514','合浦县','320','536000'),('515','铁山港区','320','536000'),('516','银海区','320','536000'),('517','其他','320','536000'),('518','大新县','309','532200'),('519','扶绥县','309','532200'),('52','颍上县','97','236100'),('520','江洲区','309','532200'),('521','龙州县','309','532200'),('522','宁明县','309','532200'),('523','凭祥市','309','532200'),('524','天等县','309','532200'),('525','其他','309','532200'),('526','东兴市','307','538000'),('527','防城区','307','538000'),('528','港口区','307','538000'),('529','上思县','307','538000'),('53','颍州区','97','236100'),('530','其他','307','538000'),('531','港北区','315','537100'),('532','港南区','315','537100'),('533','桂平市','315','537100'),('534','平南县','315','537100'),('535','覃塘区','315','537100'),('536','其他','315','537100'),('537','叠彩区','312','541000'),('538','恭城瑶族自治县','312','541000'),('539','灌阳县','312','541000'),('54','其他','97','236100'),('540','荔蒲县','312','541000'),('541','临桂县','312','541000'),('542','灵川县','312','541000'),('543','龙胜各族自治县','312','541000'),('544','平乐县','312','541000'),('545','七星区','312','541000'),('546','全州县','312','541000'),('547','象山区','312','541000'),('548','兴安县','312','541000'),('549','秀峰区','312','541000'),('55','包河区','87','230000'),('550','雁山区','312','541000'),('551','阳朔县','312','541000'),('552','永福县','312','541000'),('553','资源县','312','541000'),('554','其他','312','541000'),('555','巴马瑶族自治县','319','547000'),('556','大化瑶族自治县','319','547000'),('557','东兰县','319','547000'),('558','都安瑶族自治县','319','547000'),('559','凤山县','319','547000'),('56','长丰县','87','230000'),('560','环江毛南族自治县','319','547000'),('561','金城江区','319','547000'),('562','罗城仫佬族自治县','319','547000'),('563','南丹县','319','547000'),('564','天峨县','319','547000'),('565','宜州市','319','547000'),('566','其他','319','547000'),('567','八步区','314','542800'),('568','富川瑶族自治县','314','542800'),('569','昭平县','314','542800'),('57','肥东县','87','230000'),('570','钟山县','314','542800'),('571','其他','314','542800'),('572','合山市','310','546100'),('573','金秀瑶族自治县','310','546100'),('574','武宣县','310','546100'),('575','象州县','310','546100'),('576','忻城县','310','546100'),('577','兴宾区','310','546100'),('578','其他','310','546100'),('579','城中区','311','545000'),('58','肥西县','87','230000'),('580','柳北区','311','545000'),('581','柳城县','311','545000'),('582','柳江县','311','545000'),('583','柳南区','311','545000'),('584','鹿寨县','311','545000'),('585','融安县','311','545000'),('586','融水苗族自治县','311','545000'),('587','三江侗族自治县','311','545000'),('588','鱼峰区','311','545000'),('589','其他','311','545000'),('59','庐阳区','87','230000'),('590','宾阳县','308','530000'),('591','横县','308','530000'),('592','江南区','308','530000'),('593','良庆区','308','530000'),('594','隆安县','308','530000'),('595','马山县','308','530000'),('596','青秀区','308','530000'),('597','上林县','308','530000'),('598','武鸣县','308','530000'),('599','西乡塘区','308','530000'),('6','太湖县','94','246000'),('60','蜀山区','87','230000'),('600','兴宁区','308','530000'),('601','邕宁区','308','530000'),('602','其他','308','530000'),('603','灵山县','318','535000'),('604','浦北县','318','535000'),('605','钦北区','318','535000'),('606','钦南区','318','535000'),('607','其他','318','535000'),('608','苍梧县','313','543000'),('609','岑溪市','313','543000'),('61','瑶海区','87','230000'),('610','长洲区','313','543000'),('611','蝶山区','313','543000'),('612','蒙山县','313','543000'),('613','藤县','313','543000'),('614','万秀区','313','543000'),('615','其他','313','543000'),('616','北流市','316','537000'),('617','博白县','316','537000'),('618','陆川县','316','537000'),('619','容县','316','537000'),('62','其他','87','230000'),('620','兴业县','316','537000'),('621','玉州区','316','537000'),('622','其他','316','537000'),('623','关岭布依族苗族自治县','248','561000'),('624','平坝县','248','561000'),('625','普定县','248','561000'),('626','西秀区','248','561000'),('627','镇宁布依族苗族自治县','248','561000'),('628','紫云苗族布依族自治县','248','561000'),('629','其他','248','561000'),('63','杜集区','92','235000'),('630','毕节市','252','551700'),('631','大方县','252','551700'),('632','赫章县','252','551700'),('633','金沙县','252','551700'),('634','纳雍县','252','551700'),('635','黔西县','252','551700'),('636','威宁彝族回族苗族自治县','252','551700'),('637','织金县','252','551700'),('638','其他','252','551700'),('639','白云区','246','550000'),('64','烈山区','92','235000'),('640','花溪区','246','550000'),('641','开阳县','246','550000'),('642','南明区','246','550000'),('643','清镇市','246','550000'),('644','乌当区','246','550000'),('645','息烽县','246','550000'),('646','小河区','246','550000'),('647','修文县','246','550000'),('648','云岩区','246','550000'),('649','其他','246','550000'),('65','濉溪县','92','235000'),('650','六枝特区','253','553000'),('651','盘县','253','553000'),('652','水城县','253','553000'),('653','钟山区','253','553000'),('654','其他','253','553000'),('655','岑巩县','250','556000'),('656','从江县','250','556000'),('657','丹寨县','250','556000'),('658','黄平县','250','556000'),('659','剑河县','250','556000'),('66','相山区','92','235000'),('660','锦屏县','250','556000'),('661','凯里市','250','556000'),('662','雷山县','250','556000'),('663','黎平县','250','556000'),('664','麻江县','250','556000'),('665','榕江县','250','556000'),('666','三穗县','250','556000'),('667','施秉县','250','556000'),('668','台江县','250','556000'),('669','天柱县','250','556000'),('67','其他','92','235000'),('670','镇远县','250','556000'),('671','其他','250','556000'),('672','长顺县','249','558000'),('673','都匀市','249','558000'),('674','独山县','249','558000'),('675','福泉市','249','558000'),('676','贵定县','249','558000'),('677','惠水县','249','558000'),('678','荔波县','249','558000'),('679','龙里县','249','558000'),('68','八公山区','90','232000'),('680','罗甸县','249','558000'),('681','平塘县','249','558000'),('682','三都水族自治县','249','558000'),('683','瓮安县','249','558000'),('684','其他','249','558000'),('685','安龙县','254','562400'),('686','册亨县','254','562400'),('687','普安县','254','562400'),('688','晴隆县','254','562400'),('689','望谟县','254','562400'),('69','大通区','90','232000'),('690','兴仁县','254','562400'),('691','兴义市','254','562400'),('692','贞丰县','254','562400'),('693','其他','254','562400'),('694','德江县','251','554300'),('695','江口县','251','554300'),('696','石阡县','251','554300'),('697','思南县','251','554300'),('698','松桃苗族自治县','251','554300'),('699','铜仁市','251','554300'),('7','桐城市','94','246000'),('70','凤台县','90','232000'),('700','万山特区','251','554300'),('701','沿河土家族自治县','251','554300'),('702','印江土家族苗族自治县','251','554300'),('703','玉屏侗族自治县','251','554300'),('704','其他','251','554300'),('705','赤水市','247','563000'),('706','道真仡佬族苗族自治县','247','563000'),('707','凤冈县','247','563000'),('708','红花岗区','247','563000'),('709','汇川区','247','563000'),('71','潘集区','90','232000'),('710','湄潭县','247','563000'),('711','仁怀市','247','563000'),('712','绥阳县','247','563000'),('713','桐梓县','247','563000'),('714','务川仡佬族苗族自治县','247','563000'),('715','习水县','247','563000'),('716','余庆县','247','563000'),('717','正安县','247','563000'),('718','遵义县','247','563000'),('719','其他','247','563000'),('72','田家庵区','90','232000'),('720','白沙黎族自治县','256','572000'),('721','保亭黎族苗族自治县','256','572000'),('722','昌江黎族自治县','256','572000'),('723','澄迈县','256','572000'),('724','儋州市','256','572000'),('725','定安县','256','572000'),('726','东方市','256','572000'),('727','乐东黎族自治县','256','572000'),('728','临高县','256','572000'),('729','陵水黎族自治县','256','572000'),('73','谢家集区','90','232000'),('730','琼海市','256','572000'),('731','琼中黎族苗族自治县','256','572000'),('732','屯昌县','256','572000'),('733','万宁市','256','572000'),('734','文昌市','256','572000'),('735','五指山市','256','572000'),('736','西沙群岛','256','572000'),('737','其他','256','572000'),('738','龙华区','255','570000'),('739','美兰区','255','570000'),('74','其他','90','232000'),('740','琼山区','255','570000'),('741','秀英区','255','570000'),('742','其他','255','570000'),('743','安国市','7','071000'),('744','安新县','7','071000'),('745','北市区','7','071000'),('746','博野县','7','071000'),('747','定兴县','7','071000'),('748','定州市','7','071000'),('749','阜平县','7','071000'),('75','黄山区','95','242700'),('750','高碑店市','7','071000'),('751','高阳县','7','071000'),('752','涞水县','7','071000'),('753','涞源县','7','071000'),('754','蠡县','7','071000'),('755','满城县','7','071000'),('756','南市区','7','071000'),('757','清苑县','7','071000'),('758','曲阳县','7','071000'),('759','容城县','7','071000'),('76','徽州区','95','242700'),('760','顺平县','7','071000'),('761','唐县','7','071000'),('762','望都县','7','071000'),('763','新市区','7','071000'),('764','雄县','7','071000'),('765','徐水县','7','071000'),('766','易县','7','071000'),('767','涿州市','7','071000'),('768','其他','7','71000'),('769','泊头市','12','061000'),('77','祁门县','95','242700'),('770','沧县','12','061000'),('771','东光县','12','061000'),('772','海兴县','12','061000'),('773','河间市','12','061000'),('774','黄骅市','12','061000'),('775','孟村回族自治县','12','061000'),('776','南皮县','12','061000'),('777','青县','12','061000'),('778','任丘市','12','061000'),('779','肃宁县','12','061000'),('78','屯溪区','95','242700'),('780','吴桥县','12','061000'),('781','献县','12','061000'),('782','新华区','12','061000'),('783','盐山县','12','061000'),('784','运河区','12','061000'),('785','其他','12','61000'),('786','承德县','9','067000'),('787','丰宁满族自治县','9','067000'),('788','宽城满族自治县','9','067000'),('789','隆化县','9','067000'),('79','歙县','95','242700'),('790','滦平县','9','067000'),('791','平泉县','9','067000'),('792','双滦区','9','067000'),('793','双桥区','9','067000'),('794','围场满族蒙古族自治县','9','067000'),('795','兴隆县','9','067000'),('796','鹰手营子矿区','9','067000'),('797','其他','9','67000'),('798','成安县','5','056000'),('799','磁县','5','056000'),('8','望江县','94','246000'),('80','休宁县','95','242700'),('800','丛台区','5','056000'),('801','大名县','5','056000'),('802','肥乡县','5','056000'),('803','峰峰矿区','5','056000'),('804','复兴区','5','056000'),('805','馆陶县','5','056000'),('806','广平县','5','056000'),('807','邯郸县','5','056000'),('808','邯山区','5','056000'),('809','鸡泽县','5','056000'),('81','黟县','95','242700'),('810','临漳县','5','056000'),('811','邱县','5','056000'),('812','曲周县','5','056000'),('813','涉县','5','056000'),('814','魏县','5','056000'),('815','武安市','5','056000'),('816','永年县','5','056000'),('817','其他','5','56000'),('818','安平县','13','053000'),('819','阜城县','13','053000'),('82','其他','95','242700'),('820','故城县','13','053000'),('821','冀州市','13','053000'),('822','景县','13','053000'),('823','饶阳县','13','053000'),('824','深州市','13','053000'),('825','桃城区','13','053000'),('826','武强县','13','053000'),('827','武邑县','13','053000'),('828','枣强县','13','053000'),('829','其他','13','53000'),('83','霍邱县','100','237000'),('830','安次区','11','065000'),('831','霸州市','11','065000'),('832','大厂回族自治县','11','065000'),('833','大城县','11','065000'),('834','固安县','11','065000'),('835','广阳区','11','065000'),('836','三河市','11','065000'),('837','文安县','11','065000'),('838','香河县','11','065000'),('839','永清县','11','065000'),('84','霍山县','100','237000'),('840','其他','11','65000'),('841','北戴河区','15','066000'),('842','昌黎县','15','066000'),('843','抚宁县','15','066000'),('844','海港区','15','066000'),('845','经济技术开发区','15','066000'),('846','卢龙县','15','066000'),('847','青龙满族自治县','15','066000'),('848','山海关区','15','066000'),('849','其他','15','66000'),('85','金安区','100','237000'),('850','长安区','6','050000'),('851','高邑县','6','050000'),('852','藁城市','6','050000'),('853','晋州市','6','050000'),('854','井陉矿区','6','050000'),('855','井陉县','6','050000'),('856','灵寿县','6','050000'),('857','鹿泉市','6','050000'),('858','栾城县','6','050000'),('859','平山县','6','050000'),('86','金寨县','100','237000'),('860','桥东区','6','050000'),('861','桥西区','6','050000'),('862','深泽县','6','050000'),('863','无极县','6','050000'),('864','辛集市','6','050000'),('865','新华区','6','050000'),('866','新乐市','6','050000'),('867','行唐县','6','050000'),('868','裕华区','6','050000'),('869','元氏县','6','050000'),('87','寿县','100','237000'),('870','赞皇县','6','050000'),('871','赵县','6','050000'),('872','正定县','6','050000'),('873','其他','6','50000'),('874','丰南区','10','063000'),('875','丰润区','10','063000'),('876','古冶区','10','063000'),('877','开平区','10','063000'),('878','乐亭县','10','063000'),('879','路北区','10','063000'),('88','舒城县','100','237000'),('880','路南区','10','063000'),('881','滦南县','10','063000'),('882','滦县','10','063000'),('883','迁安市','10','063000'),('884','迁西县','10','063000'),('885','唐海县','10','063000'),('886','玉田县','10','063000'),('887','遵化市','10','063000'),('888','其他','10','63000'),('889','柏乡县','14','054000'),('89','裕安区','100','237000'),('890','广宗县','14','054000'),('891','巨鹿县','14','054000'),('892','临城县','14','054000'),('893','临西县','14','054000'),('894','隆尧县','14','054000'),('895','内丘县','14','054000'),('896','南宫市','14','054000'),('897','南和县','14','054000'),('898','宁晋县','14','054000'),('899','平乡县','14','054000'),('9','宜秀区','94','246000'),('90','其他','100','237000'),('900','桥东区','14','054000'),('901','桥西区','14','054000'),('902','清河县','14','054000'),('903','任县','14','054000'),('904','沙河市','14','054000'),('905','威县','14','054000'),('906','新河县','14','054000'),('907','邢台县','14','054000'),('908','其他','14','54000'),('909','赤城县','8','075000'),('91','当涂县','91','243000'),('910','崇礼县','8','075000'),('911','沽源县','8','075000'),('912','怀安县','8','075000'),('913','怀来县','8','075000'),('914','康保县','8','075000'),('915','桥东区','8','075000'),('916','桥西区','8','075000'),('917','尚义县','8','075000'),('918','万全县','8','075000'),('919','蔚县','8','075000'),('92','花山区','91','243000'),('920','下花园区','8','075000'),('921','宣化区','8','075000'),('922','宣化县','8','075000'),('923','阳原县','8','075000'),('924','张北县','8','075000'),('925','涿鹿县','8','075000'),('926','其他','8','75000'),('927','安阳县','143','454900'),('928','北关区','143','454900'),('929','滑县','143','454900'),('93','金家庄区','91','243000'),('930','林州市','143','454900'),('931','龙安区','143','454900'),('932','内黄县','143','454900'),('933','汤阴县','143','454900'),('934','文峰区','143','454900'),('935','殷都区','143','454900'),('936','其他','143','454900'),('937','鹤山区','153','458000'),('938','浚县','153','458000'),('939','淇滨区','153','458000'),('94','雨山区','91','243000'),('940','淇县','153','458000'),('941','山城区','153','458000'),('942','其他','153','458000'),('943','博爱县','152','454100'),('944','解放区','152','454100'),('945','孟州市','152','454100'),('946','沁阳市','152','454100'),('947','山阳区','152','454100'),('948','温县','152','454100'),('949','武陟县','152','454100'),('95','其他','91','243000'),('950','修武县','152','454100'),('951','中站区','152','454100'),('952','其他','152','454100'),('953','鼓楼区','149','475000'),('954','金明区','149','475000'),('955','开封县','149','475000'),('956','兰考县','149','475000'),('957','龙亭区','149','475000'),('958','杞县','149','475000'),('959','顺河回族区','149','475000'),('96','砀山县','98','234100'),('960','通许县','149','475000'),('961','尉氏县','149','475000'),('962','禹王台区','149','475000'),('963','其他','149','475000'),('964','瀍河回族区','150','471000'),('965','吉利区','150','471000'),('966','涧西区','150','471000'),('967','老城区','150','471000'),('968','栾川县','150','471000'),('969','洛龙区','150','471000'),('97','灵璧县','98','234100'),('970','洛宁县','150','471000'),('971','孟津县','150','471000'),('972','汝阳县','150','471000'),('973','嵩县','150','471000'),('974','西工区','150','471000'),('975','新安县','150','471000'),('976','偃师市','150','471000'),('977','伊川县','150','471000'),('978','宜阳县','150','471000'),('979','其他','150','471000'),('98','泗县','98','234100'),('980','临颍县','156','462000'),('981','舞阳县','156','462000'),('982','郾城区','156','462000'),('983','源汇区','156','462000'),('984','召陵区','156','462000'),('985','其他','156','462000'),('986','邓州市','148','473000'),('987','方城县','148','473000'),('988','内乡县','148','473000'),('989','南召县','148','473000'),('99','萧县','98','234100'),('990','社旗县','148','473000'),('991','唐河县','148','473000'),('992','桐柏县','148','473000'),('993','宛城区','148','473000'),('994','卧龙区','148','473000'),('995','西峡县','148','473000'),('996','淅川县','148','473000'),('997','新野县','148','473000'),('998','镇平县','148','473000'),('999','其他','148','473000');

--judge，法官
create table judge
(
    judgeID nvarchar(100) primary key comment '主键',
    userID nvarchar(100) comment '用户名，昵称',
    step smallint comment '法官申请审核状态，１表示申请，２表示申请成功，３表示被驳回',
    description text comment '驳回原因',
    createTime datetime comment '申请时间',
    reviewTime datetime comment '批准时间'
);

alter table  judge add constraint judge_FK_userInfo foreign key(userID) references userInfo(userID);


--activity，活动
create table activity
(
    activityID nvarchar(100) primary key comment '主键',
    userID nvarchar(100) comment '创建者',
    entryStartDate date comment '报名开始时间',
    entryEndDate date comment '报名截止时间',
    startDate date comment '比赛开始时间',
    endDate date comment '比赛截止时间',
    fee nvarchar(100)  comment '报名费用',
    activityName nvarchar(100) comment '活动标题',
    minNumber  int comment '最少参加活动人数',
    maxNumber  int comment '最多参加活动人数',
    typeID smallint comment '区分活动类型，欢乐局为１，　俱乐部为２',
    clubID  nvarchar(100) comment '预约俱乐部ID',
    description text comment '活动要求',
    area text comment '活动地址',
    createTime datetime comment '创建时间',
    participateState tinyint(1) comment '是否可以申请活动，　true 表示可以继续申请'
);
alter table  activity add constraint activity_FK_club foreign key(clubID) references club(clubID);
alter table  activity add constraint activity_FK_userInfo foreign key(userID) references userInfo(userID);

--activity，活动
create table participate
(
    participateID nvarchar(100) primary key comment '主键',
    userID nvarchar(100) comment '加入者ID',
    activityID nvarchar(100) comment '活动ID',
    createTime datetime comment '加入时间'
);
alter table  participate add constraint participate_FK_activity foreign key(activityID) references activity(activityID);
alter table  participate add constraint participate_FK_userInfo foreign key(userID) references userInfo(userID);


ALTER TABLE token CONVERT TO CHARACTER SET utf8mb4 COLLATE utf8mb4_unicode_ci;
ALTER TABLE imgPath CONVERT TO CHARACTER SET utf8mb4 COLLATE utf8mb4_unicode_ci;
ALTER TABLE adminInfo CONVERT TO CHARACTER SET utf8mb4 COLLATE utf8mb4_unicode_ci;
ALTER TABLE userInfo CONVERT TO CHARACTER SET utf8mb4 COLLATE utf8mb4_unicode_ci;
ALTER TABLE club CONVERT TO CHARACTER SET utf8mb4 COLLATE utf8mb4_unicode_ci;
ALTER TABLE province CONVERT TO CHARACTER SET utf8mb4 COLLATE utf8mb4_unicode_ci;
ALTER TABLE city CONVERT TO CHARACTER SET utf8mb4 COLLATE utf8mb4_unicode_ci;
ALTER TABLE county CONVERT TO CHARACTER SET utf8mb4 COLLATE utf8mb4_unicode_ci;
ALTER TABLE judge CONVERT TO CHARACTER SET utf8mb4 COLLATE utf8mb4_unicode_ci;
ALTER TABLE activity CONVERT TO CHARACTER SET utf8mb4 COLLATE utf8mb4_unicode_ci;
ALTER TABLE participate CONVERT TO CHARACTER SET utf8mb4 COLLATE utf8mb4_unicode_ci;

